date,regime,executed,ret_bench,ret_strategy,eq_strategy,eq_benchmark
2022-01-01,1,0,0.00000000,0.00000000,1.00000000,1.00000000
2022-01-02,1,1,0.00000000,0.00000000,1.00000000,1.00000000
2022-01-03,1,1,-0.00155051,-0.00465152,0.99534848,0.99844949
2022-01-04,1,1,0.00801164,0.02403492,1.01927161,1.00644871
2022-01-05,0,1,-0.01863998,-0.05591994,0.96227400,0.98768853
2022-01-06,0,0,-0.03122690,-0.03122690,0.93222517,0.95684608
2022-01-07,0,0,0.00421447,0.00421447,0.93615400,0.96087868
2022-01-08,-1,0,0.00000000,0.00000000,0.93615400,0.96087868
2022-01-09,-1,-1,0.00000000,0.00000000,0.93615400,0.96087868
2022-01-10,0,-1,-0.02399326,0.00000000,0.93615400,0.93782407
2022-01-11,0,0,0.01212604,0.01212604,0.94750584,0.94919616
2022-01-12,-1,0,0.02397739,0.02397739,0.97022456,0.97195541
2022-01-13,0,-1,0.00080034,0.00000000,0.97022456,0.97273330
2022-01-14,1,0,-0.03522487,-0.03522487,0.93604853,0.93846889
2022-01-15,0,1,0.00000000,0.00000000,0.93604853,0.93846889
2022-01-16,0,0,0.00000000,0.00000000,0.93604853,0.93846889
2022-01-17,0,0,0.00000000,0.00000000,0.93604853,0.93846889
2022-01-18,-1,0,-0.00275594,-0.00275594,0.93346884,0.93588253
2022-01-19,0,-1,-0.00504242,0.00000000,0.93346884,0.93116342
2022-01-20,-1,0,-0.00634851,-0.00634851,0.92754270,0.92525193
2022-01-21,-1,-1,-0.02789946,0.00000000,0.92754270,0.89943789
2022-01-22,-1,-1,0.00000000,0.00000000,0.92754270,0.89943789
2022-01-23,-1,-1,0.00000000,0.00000000,0.92754270,0.89943789
2022-01-24,-1,-1,-0.03772766,0.00000000,0.92754270,0.86550420
2022-01-25,-1,-1,0.00218650,0.00000000,0.92754270,0.86739663
2022-01-26,-1,-1,0.01799145,0.00000000,0.92754270,0.88300235
2022-01-27,-1,-1,-0.00992232,0.00000000,0.92754270,0.87424092
2022-01-28,-1,-1,-0.01825173,0.00000000,0.92754270,0.85828451
2022-01-29,-1,-1,0.00000000,0.00000000,0.92754270,0.85828451
2022-01-30,-1,-1,0.00000000,0.00000000,0.92754270,0.85828451
2022-01-31,-1,-1,0.02966516,0.00000000,0.92754270,0.88374566
2022-02-01,-1,-1,0.03179032,0.00000000,0.92754270,0.91184021
2022-02-02,-1,-1,0.01462615,0.00000000,0.92754270,0.92517692
2022-02-03,-1,-1,-0.03037986,0.00000000,0.92754270,0.89707018
2022-02-04,-1,-1,-0.01239636,0.00000000,0.92754270,0.88594977
2022-02-05,-1,-1,0.00000000,0.00000000,0.92754270,0.88594977
2022-02-06,-1,-1,0.00000000,0.00000000,0.92754270,0.88594977
2022-02-07,-1,-1,0.01282764,0.00000000,0.92754270,0.89731441
2022-02-08,-1,-1,-0.01301040,0.00000000,0.92754270,0.88563999
2022-02-09,1,-1,0.02768648,0.00000000,0.92754270,0.91016025
2022-02-10,0,1,-0.01164537,-0.03493611,0.89513797,0.89956109
2022-02-11,0,0,-0.00302794,-0.00302794,0.89242754,0.89683727
2022-02-12,0,0,0.00000000,0.00000000,0.89242754,0.89683727
2022-02-13,0,0,0.00000000,0.00000000,0.89242754,0.89683727
2022-02-14,0,0,-0.03331149,-0.03331149,0.86269945,0.86696229
2022-02-15,1,0,0.01851149,0.01851149,0.87866930,0.88301105
2022-02-16,1,1,0.00257242,0.00771727,0.88545023,0.88528253
2022-02-17,0,1,-0.00305371,-0.00916113,0.87733851,0.88257913
2022-02-18,0,0,-0.01792515,-0.01792515,0.86161209,0.86675877
2022-02-19,-1,0,0.00000000,0.00000000,0.86161209,0.86675877
2022-02-20,-1,-1,0.00000000,0.00000000,0.86161209,0.86675877
2022-02-21,-1,-1,0.00000000,0.00000000,0.86161209,0.86675877
2022-02-22,-1,-1,-0.02286620,0.00000000,0.86161209,0.84693930
2022-02-23,-1,-1,0.00834603,0.00000000,0.86161209,0.85400788
2022-02-24,-1,-1,-0.06585695,0.00000000,0.86161209,0.79776553
2022-02-25,-1,-1,0.07048954,0.00000000,0.86161209,0.85399965
2022-02-26,-1,-1,0.00000000,0.00000000,0.86161209,0.85399965
2022-02-27,-1,-1,0.00000000,0.00000000,0.86161209,0.85399965
2022-02-28,1,-1,0.00349908,0.00000000,0.86161209,0.85698787
2022-03-01,-1,1,0.00947304,0.02841912,0.88609834,0.86510615
2022-03-02,-1,-1,-0.00773578,0.00000000,0.88609834,0.85841388
2022-03-03,-1,-1,0.01997449,0.00000000,0.88609834,0.87556026
2022-03-04,1,-1,-0.02882620,0.00000000,0.88609834,0.85032119
2022-03-05,1,1,0.00000000,0.00000000,0.88609834,0.85032119
2022-03-06,-1,1,0.00000000,0.00000000,0.88609834,0.85032119
2022-03-07,-1,-1,-0.00751587,0.00000000,0.88609834,0.84393029
2022-03-08,-1,-1,-0.03924096,0.00000000,0.88609834,0.81081365
2022-03-09,-1,-1,0.02374620,0.00000000,0.88609834,0.83006739
2022-03-10,-1,-1,-0.00279700,0.00000000,0.88609834,0.82774569
2022-03-11,-1,-1,0.01057217,0.00000000,0.88609834,0.83649677
2022-03-12,-1,-1,0.00000000,0.00000000,0.88609834,0.83649677
2022-03-13,-1,-1,0.00000000,0.00000000,0.88609834,0.83649677
2022-03-14,-1,-1,-0.03346253,0.00000000,0.88609834,0.80850547
2022-03-15,-1,-1,-0.00697591,0.00000000,0.88609834,0.80286541
2022-03-16,1,-1,0.03520877,0.00000000,0.88609834,0.83113331
2022-03-17,1,1,0.01865707,0.05597120,0.93569433,0.84663982
2022-03-18,1,1,0.01290485,0.03871455,0.97191931,0.85756558
2022-03-19,1,1,0.00000000,0.00000000,0.97191931,0.85756558
2022-03-20,1,1,0.00000000,0.00000000,0.97191931,0.85756558
2022-03-21,1,1,0.02304121,0.06912364,1.03910192,0.87732493
2022-03-22,1,1,0.00109722,0.00329166,1.04252229,0.87828755
2022-03-23,1,1,0.00976933,0.02930798,1.07307651,0.88686783
2022-03-24,1,1,-0.00060637,-0.00181911,1.07112447,0.88633006
2022-03-25,1,1,0.01637463,0.04912390,1.12374228,0.90084339
2022-03-26,1,1,0.00000000,0.00000000,1.12374228,0.90084339
2022-03-27,1,1,0.00000000,0.00000000,1.12374228,0.90084339
2022-03-28,1,1,-0.00071006,-0.00213019,1.12134850,0.90020373
2022-03-29,1,1,0.02660701,0.07982103,1.21085570,0.92415547
2022-03-30,1,1,0.00105238,0.00315714,1.21467854,0.92512803
2022-03-31,1,1,-0.00552990,-0.01658970,1.19452738,0.92001216
2022-04-01,1,1,-0.01207824,-0.03623473,1.15124401,0.90890003
2022-04-02,1,1,0.00000000,0.00000000,1.15124401,0.90890003
2022-04-03,1,1,0.00000000,0.00000000,1.15124401,0.90890003
2022-04-04,1,1,-0.00025574,-0.00076723,1.15036074,0.90866759
2022-04-05,1,1,0.01404976,0.04214928,1.19884761,0.92143415
2022-04-06,-1,1,-0.03304896,-0.09914689,1.07998560,0.89098170
2022-04-07,-1,-1,-0.00959142,0.00000000,1.07998560,0.88243593
2022-04-08,-1,-1,0.00022420,0.00000000,1.07998560,0.88263377
2022-04-09,-1,-1,0.00000000,0.00000000,1.07998560,0.88263377
2022-04-10,-1,-1,0.00000000,0.00000000,1.07998560,0.88263377
2022-04-11,-1,-1,-0.02133123,0.00000000,1.07998560,0.86380611
2022-04-12,-1,-1,0.00277836,0.00000000,1.07998560,0.86620607
2022-04-13,0,-1,-0.01725281,0.00000000,1.07998560,0.85126159
2022-04-14,0,0,0.01954807,0.01954807,1.10109723,0.86790210
2022-04-15,-1,0,0.00000000,0.00000000,1.10109723,0.86790210
2022-04-16,0,-1,0.00000000,0.00000000,1.10109723,0.86790210
2022-04-17,0,0,0.00000000,0.00000000,1.10109723,0.86790210
2022-04-18,-1,0,-0.02625057,-0.02625057,1.07219280,0.84511918
2022-04-19,0,-1,0.00201531,0.00000000,1.07219280,0.84682236
2022-04-20,0,0,0.02682292,0.02682292,1.10095213,0.86953660
2022-04-21,1,0,-0.00549931,-0.00549931,1.09489765,0.86475475
2022-04-22,-1,1,-0.03150789,-0.09452368,0.99140389,0.83750815
2022-04-23,-1,-1,0.00000000,0.00000000,0.99140389,0.83750815
2022-04-24,-1,-1,0.00000000,0.00000000,0.99140389,0.83750815
2022-04-25,-1,-1,-0.03163593,0.00000000,0.99140389,0.81101280
2022-04-26,-1,-1,0.01155631,0.00000000,0.99140389,0.82038511
2022-04-27,-1,-1,-0.03126616,0.00000000,0.99140389,0.79473482
2022-04-28,-1,-1,0.01453955,0.00000000,0.99140389,0.80628991
2022-04-29,-1,-1,0.00574411,0.00000000,0.99140389,0.81092133
2022-04-30,-1,-1,0.00000000,0.00000000,0.99140389,0.81092133
2022-05-01,-1,-1,0.00000000,0.00000000,0.99140389,0.81092133
2022-05-02,-1,-1,-0.03355759,0.00000000,0.99140389,0.78370876
2022-05-03,0,-1,0.01811709,0.00000000,0.99140389,0.79790729
2022-05-04,0,0,0.00254864,0.00254864,0.99393062,0.79994087
2022-05-05,-1,0,0.01834478,0.01834478,1.01216406,0.81461561
2022-05-06,-1,-1,-0.04374396,0.00000000,1.01216406,0.77898110
2022-05-07,-1,-1,0.00000000,0.00000000,1.01216406,0.77898110
2022-05-08,-1,-1,0.00000000,0.00000000,1.01216406,0.77898110
2022-05-09,-1,-1,-0.02402833,0.00000000,1.01216406,0.76026348
2022-05-10,-1,-1,0.00339749,0.00000000,1.01216406,0.76284646
2022-05-11,-1,-1,-0.01993433,0.00000000,1.01216406,0.74763963
2022-05-12,-1,-1,-0.03680955,0.00000000,1.01216406,0.72011936
2022-05-13,-1,-1,0.02877720,0.00000000,1.01216406,0.74084237
2022-05-14,-1,-1,0.00000000,0.00000000,1.01216406,0.74084237
2022-05-15,-1,-1,0.00000000,0.00000000,1.01216406,0.74084237
2022-05-16,-1,-1,0.01498569,0.00000000,1.01216406,0.75194441
2022-05-17,-1,-1,0.01430340,0.00000000,1.01216406,0.76269977
2022-05-18,-1,-1,-0.00954865,0.00000000,1.01216406,0.75541701
2022-05-19,-1,-1,-0.04064170,0.00000000,1.01216406,0.72471558
2022-05-20,-1,-1,0.01327315,0.00000000,1.01216406,0.73433484
2022-05-21,-1,-1,0.00000000,0.00000000,1.01216406,0.73433484
2022-05-22,-1,-1,0.00000000,0.00000000,1.01216406,0.73433484
2022-05-23,-1,-1,-0.01150403,0.00000000,1.01216406,0.72588703
2022-05-24,-1,-1,-0.00559069,0.00000000,1.01216406,0.72182882
2022-05-25,-1,-1,-0.00839854,0.00000000,1.01216406,0.71576651
2022-05-26,1,-1,0.01655847,0.00000000,1.01216406,0.72761851
2022-05-27,1,1,0.04165752,0.12497256,1.13865680,0.75792930
2022-05-28,1,1,0.00000000,0.00000000,1.13865680,0.75792930
2022-05-29,1,1,0.00000000,0.00000000,1.13865680,0.75792930
2022-05-30,1,1,0.00000000,0.00000000,1.13865680,0.75792930
2022-05-31,1,1,0.02155550,0.06466650,1.21228975,0.77426684
2022-06-01,1,1,0.00455934,0.01367802,1.22887147,0.77779699
2022-06-02,1,1,-0.01810841,-0.05432522,1.16211276,0.76371232
2022-06-03,1,1,0.01370002,0.04110006,1.20987566,0.77417520
2022-06-04,1,1,0.00000000,0.00000000,1.20987566,0.77417520
2022-06-05,1,1,0.00000000,0.00000000,1.20987566,0.77417520
2022-06-06,1,1,0.00557546,0.01672639,1.23011251,0.77849158
2022-06-07,1,1,-0.02233490,-0.06700470,1.14768919,0.76110405
2022-06-08,1,1,0.01724757,0.05174270,1.20707373,0.77423124
2022-06-09,-1,1,-0.01017645,-0.03052934,1.17022257,0.76635232
2022-06-10,-1,-1,-0.04006701,0.00000000,1.17022257,0.73564688
2022-06-11,-1,-1,0.00000000,0.00000000,1.17022257,0.73564688
2022-06-12,-1,-1,0.00000000,0.00000000,1.17022257,0.73564688
2022-06-13,-1,-1,-0.04733985,0.00000000,1.17022257,0.70082146
2022-06-14,0,-1,-0.00746647,0.00000000,1.17022257,0.69558880
2022-06-15,0,0,0.00635535,0.00635535,1.17765974,0.70000951
2022-06-16,0,0,-0.01372852,-0.01372852,1.16149222,0.69039942
2022-06-17,0,0,-0.01235855,-0.01235855,1.14713786,0.68186708
2022-06-18,0,0,0.00000000,0.00000000,1.14713786,0.68186708
2022-06-19,0,0,0.00000000,0.00000000,1.14713786,0.68186708
2022-06-20,0,0,0.00000000,0.00000000,1.14713786,0.68186708
2022-06-21,0,0,0.02608885,0.02608885,1.17706537,0.69965621
2022-06-22,0,0,-0.00081941,-0.00081941,1.17610087,0.69908291
2022-06-23,0,0,0.01686063,0.01686063,1.19593067,0.71086988
2022-06-24,1,0,0.01599676,0.01599676,1.21506168,0.72224150
2022-06-25,1,1,0.00000000,0.00000000,1.21506168,0.72224150
2022-06-26,1,1,0.00000000,0.00000000,1.21506168,0.72224150
2022-06-27,1,1,0.02869082,0.08607247,1.31964504,0.74296320
2022-06-28,1,1,-0.01014620,-0.03043861,1.27947688,0.73542494
2022-06-29,1,1,-0.03274590,-0.09823771,1.15378401,0.71134279
2022-06-30,1,1,-0.00935908,-0.02807723,1.12138895,0.70468528
2022-07-01,1,1,-0.00641852,-0.01925556,1.09979597,0.70016224
2022-07-02,1,1,0.00000000,0.00000000,1.09979597,0.70016224
2022-07-03,1,1,0.00000000,0.00000000,1.09979597,0.70016224
2022-07-04,1,1,0.00000000,0.00000000,1.09979597,0.70016224
2022-07-05,1,1,-0.00229682,-0.00689047,1.09221786,0.69855409
2022-07-06,1,1,0.03247385,0.09742154,1.19862342,0.72123883
2022-07-07,1,1,0.00795938,0.02387813,1.22724430,0.72697945
2022-07-08,1,1,0.00845071,0.02535212,1.25835755,0.73312293
2022-07-09,1,1,0.00000000,0.00000000,1.25835755,0.73312293
2022-07-10,1,1,0.00000000,0.00000000,1.25835755,0.73312293
2022-07-11,1,1,0.00274010,0.00822030,1.26870162,0.73513177
2022-07-12,1,1,-0.00873209,-0.02619627,1.23546637,0.72871253
2022-07-13,1,1,-0.03348762,-0.10046286,1.11134788,0.70430968
2022-07-14,1,1,0.00852091,0.02556274,1.13975698,0.71031104
2022-07-15,1,1,0.02380578,0.07141734,1.22115539,0.72722055
2022-07-16,-1,1,0.00000000,0.00000000,1.22115539,0.72722055
2022-07-17,-1,-1,0.00000000,0.00000000,1.22115539,0.72722055
2022-07-18,-1,-1,0.01722015,0.00000000,1.22115539,0.73974339
2022-07-19,-1,-1,-0.00545266,0.00000000,1.22115539,0.73570982
2022-07-20,-1,-1,0.01916408,0.00000000,1.22115539,0.74980902
2022-07-21,-1,-1,0.01596568,0.00000000,1.22115539,0.76178023
2022-07-22,-1,-1,0.00965123,0.00000000,1.22115539,0.76913235
2022-07-23,-1,-1,0.00000000,0.00000000,1.22115539,0.76913235
2022-07-24,-1,-1,0.00000000,0.00000000,1.22115539,0.76913235
2022-07-25,-1,-1,-0.01437602,0.00000000,1.22115539,0.75807528
2022-07-26,-1,-1,-0.01155976,0.00000000,1.22115539,0.74931212
2022-07-27,1,-1,0.00169394,0.00000000,1.22115539,0.75058141
2022-07-28,1,1,0.02525320,0.07575960,1.31366964,0.76953599
2022-07-29,-1,1,0.01567637,0.04702911,1.37545035,0.78159952
2022-07-30,-1,-1,0.00000000,0.00000000,1.37545035,0.78159952
2022-07-31,1,-1,0.00000000,0.00000000,1.37545035,0.78159952
2022-08-01,1,1,0.00724505,0.02173515,1.40534596,0.78726225
2022-08-02,1,1,-0.00232523,-0.00697570,1.39554269,0.78543168
2022-08-03,1,1,0.00998953,0.02996860,1.43736515,0.79327777
2022-08-04,1,1,0.02189865,0.06569596,1.53179423,0.81064949
2022-08-05,1,1,-0.01168658,-0.03505975,1.47808991,0.80117577
2022-08-06,1,1,0.00000000,0.00000000,1.47808991,0.80117577
2022-08-07,1,1,0.00000000,0.00000000,1.47808991,0.80117577
2022-08-08,-1,1,0.01096086,0.03288258,1.52669332,0.80995734
2022-08-09,-1,-1,-0.01216248,0.00000000,1.52669332,0.80010625
2022-08-10,-1,-1,0.01826399,0.00000000,1.52669332,0.81471938
2022-08-11,1,-1,0.01146689,0.00000000,1.52669332,0.82406168
2022-08-12,1,1,-0.00648877,-0.01946632,1.49697422,0.81871453
2022-08-13,1,1,0.00000000,0.00000000,1.49697422,0.81871453
2022-08-14,1,1,0.00000000,0.00000000,1.49697422,0.81871453
2022-08-15,1,1,0.00991729,0.02975187,1.54151201,0.82683396
2022-08-16,1,1,0.00802634,0.02407903,1.57863013,0.83347042
2022-08-17,1,1,-0.00899794,-0.02699382,1.53601688,0.82597090
2022-08-18,1,1,-0.00192614,-0.00577843,1.52714112,0.82437996
2022-08-19,0,1,-0.00691773,-0.02075318,1.49544808,0.81867713
2022-08-20,0,0,0.00000000,0.00000000,1.49544808,0.81867713
2022-08-21,0,0,0.00000000,0.00000000,1.49544808,0.81867713
2022-08-22,0,0,-0.02349889,-0.02349889,1.46030671,0.79943912
2022-08-23,0,0,-0.01376909,-0.01376909,1.44019961,0.78843157
2022-08-24,0,0,-0.00159538,-0.00159538,1.43790195,0.78717373
2022-08-25,0,0,0.01024952,0.01024952,1.45263975,0.79524188
2022-08-26,0,0,0.01088874,0.01088874,1.46845717,0.80390106
2022-08-27,-1,0,0.00000000,0.00000000,1.46845717,0.80390106
2022-08-28,-1,-1,0.00000000,0.00000000,1.46845717,0.80390106
2022-08-29,-1,-1,-0.04890201,0.00000000,1.46845717,0.76458868
2022-08-30,-1,-1,0.00485949,0.00000000,1.46845717,0.76830419
2022-08-31,-1,-1,-0.00687957,0.00000000,1.46845717,0.76301859
2022-09-01,-1,-1,-0.02390637,0.00000000,1.46845717,0.74477759
2022-09-02,-1,-1,0.01891614,0.00000000,1.46845717,0.75886590
2022-09-03,-1,-1,0.00000000,0.00000000,1.46845717,0.75886590
2022-09-04,-1,-1,0.00000000,0.00000000,1.46845717,0.75886590
2022-09-05,-1,-1,0.00000000,0.00000000,1.46845717,0.75886590
2022-09-06,-1,-1,-0.02207251,0.00000000,1.46845717,0.74211582
2022-09-07,-1,-1,-0.00716493,0.00000000,1.46845717,0.73679861
2022-09-08,-1,-1,0.01124809,0.00000000,1.46845717,0.74508619
2022-09-09,-1,-1,0.02016218,0.00000000,1.46845717,0.76010875
2022-09-10,1,-1,0.00000000,0.00000000,1.46845717,0.76010875
2022-09-11,1,1,0.00000000,0.00000000,1.46845717,0.76010875
2022-09-12,1,1,0.01870664,0.05611991,1.55086686,0.77432782
2022-09-13,1,1,-0.02171938,-0.06515813,1.44981528,0.75750991
2022-09-14,1,1,-0.02293555,-0.06880665,1.35005835,0.74013600
2022-09-15,-1,1,-0.00271745,-0.00815234,1.33905221,0.73812472
2022-09-16,-1,-1,-0.02161617,0.00000000,1.33905221,0.72216929
2022-09-17,-1,-1,0.00000000,0.00000000,1.33905221,0.72216929
2022-09-18,-1,-1,0.00000000,0.00000000,1.33905221,0.72216929
2022-09-19,-1,-1,-0.00383202,0.00000000,1.33905221,0.71940193
2022-09-20,-1,-1,0.00834090,0.00000000,1.33905221,0.72540239
2022-09-21,-1,-1,0.00382295,0.00000000,1.33905221,0.72817557
2022-09-22,-1,-1,-0.02619388,0.00000000,1.33905221,0.70910182
2022-09-23,-1,-1,-0.01580068,0.00000000,1.33905221,0.69789753
2022-09-24,-1,-1,0.00000000,0.00000000,1.33905221,0.69789753
2022-09-25,-1,-1,0.00000000,0.00000000,1.33905221,0.69789753
2022-09-26,-1,-1,-0.00908472,0.00000000,1.33905221,0.69155733
2022-09-27,-1,-1,0.01011575,0.00000000,1.33905221,0.69855294
2022-09-28,-1,-1,-0.01204909,0.00000000,1.33905221,0.69013602
2022-09-29,-1,-1,0.00509477,0.00000000,1.33905221,0.69365210
2022-09-30,-1,-1,-0.01749632,0.00000000,1.33905221,0.68151574
2022-10-01,-1,-1,0.00000000,0.00000000,1.33905221,0.68151574
2022-10-02,-1,-1,0.00000000,0.00000000,1.33905221,0.68151574
2022-10-03,-1,-1,-0.00723992,0.00000000,1.33905221,0.67658162
2022-10-04,-1,-1,0.03687374,0.00000000,1.33905221,0.70152972
2022-10-05,-1,-1,-0.00255505,0.00000000,1.33905221,0.69973727
2022-10-06,-1,-1,0.00962424,0.00000000,1.33905221,0.70647171
2022-10-07,-1,-1,-0.02114338,0.00000000,1.33905221,0.69153451
2022-10-08,-1,-1,0.00000000,0.00000000,1.33905221,0.69153451
2022-10-09,-1,-1,0.00000000,0.00000000,1.33905221,0.69153451
2022-10-10,-1,-1,-0.02080066,0.00000000,1.33905221,0.67715013
2022-10-11,-1,-1,-0.01707686,0.00000000,1.33905221,0.66558654
2022-10-12,-1,-1,-0.00491775,0.00000000,1.33905221,0.66231335
2022-10-13,-1,-1,-0.03126172,0.00000000,1.33905221,0.64160829
2022-10-14,-1,-1,0.06285508,0.00000000,1.33905221,0.68193664
2022-10-15,-1,-1,0.00000000,0.00000000,1.33905221,0.68193664
2022-10-16,-1,-1,0.00000000,0.00000000,1.33905221,0.68193664
2022-10-17,-1,-1,-0.01606998,0.00000000,1.33905221,0.67097793
2022-10-18,1,-1,0.03631395,0.00000000,1.33905221,0.69534379
2022-10-19,-1,1,-0.02386206,-0.07158617,1.24319460,0.67875146
2022-10-20,1,-1,-0.00131901,0.00000000,1.24319460,0.67785618
2022-10-21,1,1,-0.00594014,-0.01782043,1.22104034,0.67382961
2022-10-22,1,1,0.00000000,0.00000000,1.22104034,0.67382961
2022-10-23,1,1,0.00000000,0.00000000,1.22104034,0.67382961
2022-10-24,1,1,0.02879711,0.08639134,1.32652765,0.69323396
2022-10-25,1,1,0.01348683,0.04046049,1.38019961,0.70258349
2022-10-26,1,1,-0.00339269,-0.01017808,1.36615183,0.70019984
2022-10-27,1,1,-0.00601596,-0.01804789,1.34149567,0.69598746
2022-10-28,1,1,-0.01648534,-0.04945603,1.27515062,0.68451387
2022-10-29,1,1,0.00000000,0.00000000,1.27515062,0.68451387
2022-10-30,1,1,0.00000000,0.00000000,1.27515062,0.68451387
2022-10-31,1,1,0.02460670,0.07382009,1.36928236,0.70135750
2022-11-01,1,1,0.00923749,0.02771247,1.40722856,0.70783628
2022-11-02,1,1,-0.02279595,-0.06838784,1.31099123,0.69170048
2022-11-03,1,1,-0.04390612,-0.13171836,1.13830962,0.66133060
2022-11-04,1,1,0.00961566,0.02884698,1.17114641,0.66768973
2022-11-05,1,1,0.00000000,0.00000000,1.17114641,0.66768973
2022-11-06,1,1,0.00000000,0.00000000,1.17114641,0.66768973
2022-11-07,-1,1,0.00080811,0.00242433,1.17398565,0.66822929
2022-11-08,-1,-1,0.01274354,0.00000000,1.17398565,0.67674490
2022-11-09,-1,-1,-0.00511588,0.00000000,1.17398565,0.67328275
2022-11-10,0,-1,0.03083069,0.00000000,1.17398565,0.69404053
2022-11-11,0,0,0.02372321,0.02372321,1.20183636,0.71050540
2022-11-12,0,0,0.00000000,0.00000000,1.20183636,0.71050540
2022-11-13,0,0,0.00000000,0.00000000,1.20183636,0.71050540
2022-11-14,0,0,0.01168853,0.01168853,1.21588406,0.71881016
2022-11-15,0,0,0.02219270,0.02219270,1.24286780,0.73476249
2022-11-16,0,0,-0.01647480,-0.01647480,1.22239180,0.72265743
2022-11-17,0,0,-0.02265855,-0.02265855,1.19469418,0.70628306
2022-11-18,0,0,0.02495797,0.02495797,1.22451132,0.72391045
2022-11-19,0,0,0.00000000,0.00000000,1.22451132,0.72391045
2022-11-20,0,0,0.00000000,0.00000000,1.22451132,0.72391045
2022-11-21,0,0,-0.01561416,-0.01561416,1.20539160,0.71260720
2022-11-22,0,0,-0.00265920,-0.00265920,1.20218622,0.71071223
2022-11-23,0,0,0.01175998,0.01175998,1.21632391,0.71907019
2022-11-24,0,0,0.00000000,0.00000000,1.21632391,0.71907019
2022-11-25,0,0,0.00428145,0.00428145,1.22153153,0.72214885
2022-11-26,0,0,0.00000000,0.00000000,1.22153153,0.72214885
2022-11-27,0,0,0.00000000,0.00000000,1.22153153,0.72214885
2022-11-28,0,0,-0.00797055,-0.00797055,1.21179525,0.71639292
2022-11-29,0,0,-0.00688031,-0.00688031,1.20345772,0.71146392
2022-11-30,1,0,-0.00742125,-0.00742125,1.19452656,0.70618397
2022-12-01,1,1,0.04574384,0.13723152,1.35845326,0.73848753
2022-12-02,1,1,-0.01754230,-0.05262691,1.28696207,0.72553276
2022-12-03,1,1,0.00000000,0.00000000,1.28696207,0.72553276
2022-12-04,1,1,0.00000000,0.00000000,1.28696207,0.72553276
2022-12-05,0,1,0.00636870,0.01910610,1.31155089,0.73015346
2022-12-06,0,0,-0.00995861,-0.00995861,1.29848967,0.72288215
2022-12-07,0,0,-0.02438997,-0.02438997,1.26681955,0.70525108
2022-12-08,0,0,0.00514279,0.00514279,1.27333454,0.70887804
2022-12-09,0,0,0.00317805,0.00317805,1.27738126,0.71113089
2022-12-10,-1,0,0.00000000,0.00000000,1.27738126,0.71113089
2022-12-11,0,-1,0.00000000,0.00000000,1.27738126,0.71113089
2022-12-12,0,0,-0.00209859,-0.00209859,1.27470056,0.70963852
2022-12-13,0,0,0.05115900,0.05115900,1.33991298,0.74594292
2022-12-14,0,0,-0.02899102,-0.02899102,1.30106753,0.72431727
2022-12-15,0,0,-0.01985998,-0.01985998,1.27522835,0.70993234
2022-12-16,0,0,-0.02171065,-0.02171065,1.24754232,0.69451925
2022-12-17,0,0,0.00000000,0.00000000,1.24754232,0.69451925
2022-12-18,0,0,0.00000000,0.00000000,1.24754232,0.69451925
2022-12-19,0,0,-0.00609267,-0.00609267,1.23994145,0.69028777
2022-12-20,-1,0,-0.01936456,-0.01936456,1.21593053,0.67692066
2022-12-21,-1,-1,0.00757457,0.00000000,1.21593053,0.68204804
2022-12-22,-1,-1,-0.00081336,0.00000000,1.21593053,0.68149329
2022-12-23,-1,-1,-0.01816010,0.00000000,1.21593053,0.66911730
2022-12-24,-1,-1,0.00000000,0.00000000,1.21593053,0.66911730
2022-12-25,-1,-1,0.00000000,0.00000000,1.21593053,0.66911730
2022-12-26,-1,-1,0.00000000,0.00000000,1.21593053,0.66911730
2022-12-27,-1,-1,0.00481417,0.00000000,1.21593053,0.67233855
2022-12-28,-1,-1,-0.01341146,0.00000000,1.21593053,0.66332150
2022-12-29,-1,-1,-0.00078147,0.00000000,1.21593053,0.66280314
2022-12-30,-1,-1,0.00249982,0.00000000,1.21593053,0.66446003
2022-12-31,-1,-1,0.00000000,0.00000000,1.21593053,0.66446003
2023-01-01,-1,-1,0.00000000,0.00000000,1.21593053,0.66446003
2023-01-02,-1,-1,0.00000000,0.00000000,1.21593053,0.66446003
2023-01-03,-1,-1,0.01908203,0.00000000,1.21593053,0.67713927
2023-01-04,-1,-1,-0.00747911,0.00000000,1.21593053,0.67207488
2023-01-05,-1,-1,-0.00974485,0.00000000,1.21593053,0.66552560
2023-01-06,-1,-1,-0.00261820,0.00000000,1.21593053,0.66378313
2023-01-07,-1,-1,0.00000000,0.00000000,1.21593053,0.66378313
2023-01-08,-1,-1,0.00000000,0.00000000,1.21593053,0.66378313
2023-01-09,-1,-1,0.02839790,0.00000000,1.21593053,0.68263317
2023-01-10,-1,-1,-0.00495640,0.00000000,1.21593053,0.67924977
2023-01-11,-1,-1,0.01646705,0.00000000,1.21593053,0.69043501
2023-01-12,-1,-1,0.01531313,0.00000000,1.21593053,0.70100773
2023-01-13,0,-1,-0.00581913,0.00000000,1.21593053,0.69692847
2023-01-14,-1,0,0.00000000,0.00000000,1.21593053,0.69692847
2023-01-15,-1,-1,0.00000000,0.00000000,1.21593053,0.69692847
2023-01-16,-1,-1,0.00000000,0.00000000,1.21593053,0.69692847
2023-01-17,-1,-1,0.01544074,0.00000000,1.21593053,0.70768956
2023-01-18,-1,-1,0.00833352,0.00000000,1.21593053,0.71358711
2023-01-19,-1,-1,-0.02431843,0.00000000,1.21593053,0.69623379
2023-01-20,1,-1,0.00204086,0.00000000,1.21593053,0.69765470
2023-01-21,0,1,0.00000000,0.00000000,1.21593053,0.69765470
2023-01-22,0,0,0.00000000,0.00000000,1.21593053,0.69765470
2023-01-23,0,0,0.02439863,0.02439863,1.24559757,0.71467652
2023-01-24,0,0,0.01329726,0.01329726,1.26216060,0.72417976
2023-01-25,1,0,-0.01232300,-0.01232300,1.24660700,0.71525569
2023-01-26,1,1,0.02626156,0.07878469,1.34482054,0.73403942
2023-01-27,1,1,0.00267144,0.00801431,1.35559835,0.73600036
2023-01-28,1,1,0.00000000,0.00000000,1.35559835,0.73600036
2023-01-29,1,1,0.00000000,0.00000000,1.35559835,0.73600036
2023-01-30,1,1,0.00319032,0.00957097,1.36857275,0.73834844
2023-01-31,1,1,-0.00893904,-0.02681713,1.33187155,0.73174832
2023-02-01,1,1,0.01410055,0.04230165,1.38821192,0.74206637
2023-02-02,1,1,0.04469158,0.13407474,1.57433606,0.77523049
2023-02-03,1,1,-0.00852184,-0.02556551,1.53408736,0.76862410
2023-02-04,1,1,0.00000000,0.00000000,1.53408736,0.76862410
2023-02-05,1,1,0.00000000,0.00000000,1.53408736,0.76862410
2023-02-06,1,1,-0.00469794,-0.01409383,1.51246620,0.76501315
2023-02-07,1,1,-0.00018643,-0.00055930,1.51162027,0.76487052
2023-02-08,1,1,0.01677190,0.05031571,1.58767852,0.77769886
2023-02-09,1,1,0.00095819,0.00287456,1.59224240,0.77844404
2023-02-10,1,1,-0.03031536,-0.09094607,1.44743422,0.75484523
2023-02-11,1,1,0.00000000,0.00000000,1.44743422,0.75484523
2023-02-12,1,1,0.00000000,0.00000000,1.44743422,0.75484523
2023-02-13,1,1,0.00550605,0.01651816,1.47134317,0.75900145
2023-02-14,1,1,0.00586805,0.01760416,1.49724494,0.76345531
2023-02-15,1,1,0.00663147,0.01989442,1.52703176,0.76851815
2023-02-16,1,1,-0.00172329,-0.00516986,1.51913722,0.76719377
2023-02-17,1,1,-0.01085856,-0.03257569,1.46965028,0.75886315
2023-02-18,1,1,0.00000000,0.00000000,1.46965028,0.75886315
2023-02-19,1,1,0.00000000,0.00000000,1.46965028,0.75886315
2023-02-20,1,1,0.00000000,0.00000000,1.46965028,0.75886315
2023-02-21,-1,1,-0.01264528,-0.03793583,1.41389788,0.74926711
2023-02-22,-1,-1,-0.00890298,0.00000000,1.41389788,0.74259640
2023-02-23,-1,-1,0.01137845,0.00000000,1.41389788,0.75104600
2023-02-24,-1,-1,-0.02084686,0.00000000,1.41389788,0.73538905
2023-02-25,-1,-1,0.00000000,0.00000000,1.41389788,0.73538905
2023-02-26,-1,-1,0.00000000,0.00000000,1.41389788,0.73538905
2023-02-27,-1,-1,0.01136024,0.00000000,1.41389788,0.74374324
2023-02-28,-1,-1,-0.00602007,0.00000000,1.41389788,0.73926585
2023-03-01,-1,-1,-0.00013229,0.00000000,1.41389788,0.73916805
2023-03-02,-1,-1,-0.01568696,0.00000000,1.41389788,0.72757276
2023-03-03,-1,-1,0.02331412,0.00000000,1.41389788,0.74453547
2023-03-04,-1,-1,0.00000000,0.00000000,1.41389788,0.74453547
2023-03-05,-1,-1,0.00000000,0.00000000,1.41389788,0.74453547
2023-03-06,-1,-1,0.01880803,0.00000000,1.41389788,0.75853872
2023-03-07,-1,-1,-0.00289255,0.00000000,1.41389788,0.75634461
2023-03-08,-1,-1,-0.01101660,0.00000000,1.41389788,0.74801226
2023-03-09,-1,-1,0.00527442,0.00000000,1.41389788,0.75195759
2023-03-10,-1,-1,-0.01842749,0.00000000,1.41389788,0.73810090
2023-03-11,-1,-1,0.00000000,0.00000000,1.41389788,0.73810090
2023-03-12,-1,-1,0.00000000,0.00000000,1.41389788,0.73810090
2023-03-13,-1,-1,-0.02084780,0.00000000,1.41389788,0.72271312
2023-03-14,-1,-1,0.02643547,0.00000000,1.41389788,0.74181838
2023-03-15,-1,-1,0.00134431,0.00000000,1.41389788,0.74281562
2023-03-16,-1,-1,0.01119600,0.00000000,1.41389788,0.75113218
2023-03-17,-1,-1,0.02924866,0.00000000,1.41389788,0.77310179
2023-03-18,-1,-1,0.00000000,0.00000000,1.41389788,0.77310179
2023-03-19,-1,-1,0.00000000,0.00000000,1.41389788,0.77310179
2023-03-20,-1,-1,-0.00650397,0.00000000,1.41389788,0.76807356
2023-03-21,-1,-1,0.01211237,0.00000000,1.41389788,0.77737675
2023-03-22,-1,-1,0.00755652,0.00000000,1.41389788,0.78325102
2023-03-23,-1,-1,-0.00111433,0.00000000,1.41389788,0.78237822
2023-03-24,-1,-1,-0.00194575,0.00000000,1.41389788,0.78085590
2023-03-25,-1,-1,0.00000000,0.00000000,1.41389788,0.78085590
2023-03-26,-1,-1,0.00000000,0.00000000,1.41389788,0.78085590
2023-03-27,-1,-1,0.00736508,0.00000000,1.41389788,0.78660697
2023-03-28,-1,-1,-0.01098968,0.00000000,1.41389788,0.77796241
2023-03-29,-1,-1,0.00877260,0.00000000,1.41389788,0.78478716
2023-03-30,-1,-1,0.01403841,0.00000000,1.41389788,0.79580433
2023-03-31,-1,-1,0.00212007,0.00000000,1.41389788,0.79749149
2023-04-01,0,-1,0.00000000,0.00000000,1.41389788,0.79749149
2023-04-02,0,0,0.00000000,0.00000000,1.41389788,0.79749149
2023-04-03,0,0,0.00904796,0.00904796,1.42669077,0.80470716
2023-04-04,0,0,0.00575322,0.00575322,1.43489883,0.80933682
2023-04-05,-1,0,-0.00778829,-0.00778829,1.42372342,0.80303347
2023-04-06,-1,-1,-0.01216054,0.00000000,1.42372342,0.79326814
2023-04-07,-1,-1,0.00000000,0.00000000,1.42372342,0.79326814
2023-04-08,-1,-1,0.00000000,0.00000000,1.42372342,0.79326814
2023-04-09,-1,-1,0.00000000,0.00000000,1.42372342,0.79326814
2023-04-10,-1,-1,0.00266471,0.00000000,1.42372342,0.79538197
2023-04-11,-1,-1,0.00875860,0.00000000,1.42372342,0.80234840
2023-04-12,-1,-1,-0.00003668,0.00000000,1.42372342,0.80231897
2023-04-13,-1,-1,-0.00940328,0.00000000,1.42372342,0.79477454
2023-04-14,0,-1,0.00877002,0.00000000,1.42372342,0.80174473
2023-04-15,0,0,0.00000000,0.00000000,1.42372342,0.80174473
2023-04-16,1,0,0.00000000,0.00000000,1.42372342,0.80174473
2023-04-17,0,1,0.00174423,0.00523268,1.43117330,0.80314315
2023-04-18,0,0,0.00892757,0.00892757,1.44395019,0.81031327
2023-04-19,0,0,-0.01427539,-0.01427539,1.42333725,0.79874573
2023-04-20,0,0,-0.00226366,-0.00226366,1.42011530,0.79693765
2023-04-21,0,0,0.00071269,0.00071269,1.42112740,0.79750561
2023-04-22,0,0,0.00000000,0.00000000,1.42112740,0.79750561
2023-04-23,0,0,0.00000000,0.00000000,1.42112740,0.79750561
2023-04-24,0,0,0.00148828,0.00148828,1.42324244,0.79869253
2023-04-25,-1,0,-0.00660223,-0.00660223,1.41384586,0.79341937
2023-04-26,-1,-1,-0.00271094,0.00000000,1.41384586,0.79126846
2023-04-27,-1,-1,0.00719894,0.00000000,1.41384586,0.79696476
2023-04-28,-1,-1,0.01397845,0.00000000,1.41384586,0.80810509
2023-04-29,-1,-1,0.00000000,0.00000000,1.41384586,0.80810509
2023-04-30,-1,-1,0.00000000,0.00000000,1.41384586,0.80810509
2023-05-01,-1,-1,0.00616788,0.00000000,1.41384586,0.81308939
2023-05-02,-1,-1,0.00008694,0.00000000,1.41384586,0.81316008
2023-05-03,-1,-1,-0.00732960,0.00000000,1.41384586,0.80719994
2023-05-04,-1,-1,-0.00843414,0.00000000,1.41384586,0.80039190
2023-05-05,-1,-1,0.00444812,0.00000000,1.41384586,0.80395214
2023-05-06,-1,-1,0.00000000,0.00000000,1.41384586,0.80395214
2023-05-07,-1,-1,0.00000000,0.00000000,1.41384586,0.80395214
2023-05-08,-1,-1,0.01240922,0.00000000,1.41384586,0.81392856
2023-05-09,-1,-1,-0.00130451,0.00000000,1.41384586,0.81286678
2023-05-10,-1,-1,0.00659087,0.00000000,1.41384586,0.81822428
2023-05-11,-1,-1,0.00486164,0.00000000,1.41384586,0.82220219
2023-05-12,-1,-1,0.00320106,0.00000000,1.41384586,0.82483410
2023-05-13,-1,-1,0.00000000,0.00000000,1.41384586,0.82483410
2023-05-14,-1,-1,0.00000000,0.00000000,1.41384586,0.82483410
2023-05-15,-1,-1,-0.00377603,0.00000000,1.41384586,0.82171951
2023-05-16,-1,-1,0.00170683,0.00000000,1.41384586,0.82312204
2023-05-17,-1,-1,0.00668301,0.00000000,1.41384586,0.82862298
2023-05-18,0,-1,0.00999802,0.00000000,1.41384586,0.83690756
2023-05-19,-1,0,0.01800386,0.01800386,1.43930055,0.85197513
2023-05-20,-1,-1,0.00000000,0.00000000,1.43930055,0.85197513
2023-05-21,-1,-1,0.00000000,0.00000000,1.43930055,0.85197513
2023-05-22,0,-1,-0.00368360,0.00000000,1.43930055,0.84883680
2023-05-23,-1,0,-0.00105204,-0.00105204,1.43778635,0.84794379
2023-05-24,-1,-1,-0.01347338,0.00000000,1.43778635,0.83651912
2023-05-25,0,-1,0.02344948,0.00000000,1.43778635,0.85613506
2023-05-26,1,0,0.00477544,0.00477544,1.44465242,0.86022348
2023-05-27,0,1,0.00000000,0.00000000,1.44465242,0.86022348
2023-05-28,0,0,0.00000000,0.00000000,1.44465242,0.86022348
2023-05-29,0,0,0.00000000,0.00000000,1.44465242,0.86022348
2023-05-30,0,0,0.03507942,0.03507942,1.49532999,0.89039963
2023-05-31,-1,0,-0.01230381,-0.01230381,1.47693174,0.87944432
2023-06-01,-1,-1,-0.00183726,0.00000000,1.47693174,0.87782856
2023-06-02,1,-1,0.01745425,0.00000000,1.47693174,0.89315040
2023-06-03,1,1,0.00000000,0.00000000,1.47693174,0.89315040
2023-06-04,1,1,0.00000000,0.00000000,1.47693174,0.89315040
2023-06-05,1,1,0.00176270,0.00528809,1.48474189,0.89472475
2023-06-06,1,1,-0.00039718,-0.00119154,1.48297276,0.89436938
2023-06-07,1,1,0.00239997,0.00719991,1.49365003,0.89651584
2023-06-08,-1,1,-0.01693878,-0.05081635,1.41774819,0.88132996
2023-06-09,1,-1,0.01578296,0.00000000,1.41774819,0.89523996
2023-06-10,1,1,0.00000000,0.00000000,1.41774819,0.89523996
2023-06-11,1,1,0.00000000,0.00000000,1.41774819,0.89523996
2023-06-12,1,1,0.00439721,0.01319164,1.43645061,0.89917652
2023-06-13,1,1,0.01993700,0.05981100,1.52236616,0.91710340
2023-06-14,1,1,-0.00005674,-0.00017023,1.52210700,0.91705136
2023-06-15,1,1,0.00370264,0.01110793,1.53901445,0.92044687
2023-06-16,-1,1,0.02222959,0.06668876,1.64164941,0.94090802
2023-06-17,-1,-1,0.00000000,0.00000000,1.64164941,0.94090802
2023-06-18,-1,-1,0.00000000,0.00000000,1.64164941,0.94090802
2023-06-19,-1,-1,0.00000000,0.00000000,1.64164941,0.94090802
2023-06-20,-1,-1,-0.01682007,0.00000000,1.64164941,0.92508188
2023-06-21,-1,-1,-0.00056787,0.00000000,1.64164941,0.92455655
2023-06-22,1,-1,-0.01397732,0.00000000,1.64164941,0.91163373
2023-06-23,-1,1,0.00438327,0.01314982,1.66323680,0.91562967
2023-06-24,-1,-1,0.00000000,0.00000000,1.66323680,0.91562967
2023-06-25,-1,-1,0.00000000,0.00000000,1.66323680,0.91562967
2023-06-26,-1,-1,-0.00056832,0.00000000,1.66323680,0.91510930
2023-06-27,-1,-1,-0.00761496,0.00000000,1.66323680,0.90814078
2023-06-28,-1,-1,0.00759816,0.00000000,1.66323680,0.91504098
2023-06-29,-1,-1,0.00624368,0.00000000,1.66323680,0.92075421
2023-06-30,1,-1,0.00910452,0.00000000,1.66323680,0.92913723
2023-07-01,-1,1,0.00000000,0.00000000,1.66323680,0.92913723
2023-07-02,1,-1,0.00000000,0.00000000,1.66323680,0.92913723
2023-07-03,-1,1,0.00686117,0.02058350,1.69747204,0.93551220
2023-07-04,1,-1,0.00000000,0.00000000,1.69747204,0.93551220
2023-07-05,-1,1,-0.00370237,-0.01110712,1.67861802,0.93204858
2023-07-06,0,-1,-0.00596236,0.00000000,1.67861802,0.92649137
2023-07-07,0,0,0.00197400,0.00197400,1.68193161,0.92832026
2023-07-08,0,0,0.00000000,0.00000000,1.68193161,0.92832026
2023-07-09,-1,0,0.00000000,0.00000000,1.68193161,0.92832026
2023-07-10,-1,-1,-0.00345383,0.00000000,1.68193161,0.92511400
2023-07-11,-1,-1,0.00225298,0.00000000,1.68193161,0.92719826
2023-07-12,0,-1,0.01513997,0.00000000,1.68193161,0.94123601
2023-07-13,1,0,0.00997998,0.00997998,1.69871725,0.95062953
2023-07-14,0,1,0.00941071,0.02823214,1.74667568,0.95957563
2023-07-15,0,0,0.00000000,0.00000000,1.74667568,0.95957563
2023-07-16,0,0,0.00000000,0.00000000,1.74667568,0.95957563
2023-07-17,-1,0,0.00054793,0.00054793,1.74763273,0.96010141
2023-07-18,-1,-1,0.00569370,0.00000000,1.74763273,0.96556794
2023-07-19,-1,-1,0.01272060,0.00000000,1.74763273,0.97785054
2023-07-20,1,-1,-0.01088511,0.00000000,1.74763273,0.96720653
2023-07-21,0,1,-0.00897899,-0.02693696,1.70055681,0.95852199
2023-07-22,0,0,0.00000000,0.00000000,1.70055681,0.95852199
2023-07-23,1,0,0.00000000,0.00000000,1.70055681,0.95852199
2023-07-24,1,1,-0.00672961,-0.02018883,1.66622456,0.95207151
2023-07-25,1,1,0.00086166,0.00258498,1.67053172,0.95289188
2023-07-26,1,1,0.00205052,0.00615156,1.68080810,0.95484580
2023-07-27,-1,1,0.01415791,0.04247373,1.75219828,0.96836442
2023-07-28,1,-1,-0.00607435,0.00000000,1.75219828,0.96248223
2023-07-29,-1,1,0.00000000,0.00000000,1.75219828,0.96248223
2023-07-30,1,-1,0.00000000,0.00000000,1.75219828,0.96248223
2023-07-31,1,1,0.00799131,0.02397392,1.79420534,0.97017372
2023-08-01,0,1,-0.00383540,-0.01150619,1.77356088,0.96645272
2023-08-02,-1,0,-0.00798827,-0.00798827,1.75939320,0.95873244
2023-08-03,-1,-1,-0.01929580,0.00000000,1.75939320,0.94023293
2023-08-04,-1,-1,0.01023330,0.00000000,1.75939320,0.94985461
2023-08-05,-1,-1,0.00000000,0.00000000,1.75939320,0.94985461
2023-08-06,-1,-1,0.00000000,0.00000000,1.75939320,0.94985461
2023-08-07,-1,-1,-0.00496930,0.00000000,1.75939320,0.94513450
2023-08-08,-1,-1,-0.00332547,0.00000000,1.75939320,0.94199148
2023-08-09,-1,-1,-0.00092692,0.00000000,1.75939320,0.94111833
2023-08-10,-1,-1,-0.00354775,0.00000000,1.75939320,0.93777948
2023-08-11,-1,-1,-0.01342940,0.00000000,1.75939320,0.92518567
2023-08-12,-1,-1,0.00000000,0.00000000,1.75939320,0.92518567
2023-08-13,-1,-1,0.00000000,0.00000000,1.75939320,0.92518567
2023-08-14,-1,-1,-0.00154165,0.00000000,1.75939320,0.92375936
2023-08-15,-1,-1,0.01077298,0.00000000,1.75939320,0.93371099
2023-08-16,-1,-1,-0.00945605,0.00000000,1.75939320,0.92488177
2023-08-17,-1,-1,-0.00523095,0.00000000,1.75939320,0.92004376
2023-08-18,-1,-1,-0.02389298,0.00000000,1.75939320,0.89806117
2023-08-19,-1,-1,0.00000000,0.00000000,1.75939320,0.89806117
2023-08-20,-1,-1,0.00000000,0.00000000,1.75939320,0.89806117
2023-08-21,-1,-1,0.01226791,0.00000000,1.75939320,0.90907851
2023-08-22,-1,-1,0.01927870,0.00000000,1.75939320,0.92660436
2023-08-23,-1,-1,-0.00538061,0.00000000,1.75939320,0.92161866
2023-08-24,-1,-1,0.02211597,0.00000000,1.75939320,0.94200115
2023-08-25,-1,-1,-0.02837064,0.00000000,1.75939320,0.91527598
2023-08-26,-1,-1,0.00000000,0.00000000,1.75939320,0.91527598
2023-08-27,-1,-1,0.00000000,0.00000000,1.75939320,0.91527598
2023-08-28,-1,-1,0.01358064,0.00000000,1.75939320,0.92770602
2023-08-29,1,-1,-0.00117504,0.00000000,1.75939320,0.92661593
2023-08-30,1,1,0.02272058,0.06816175,1.87931651,0.94766918
2023-08-31,1,1,0.00548248,0.01644743,1.91022644,0.95286476
2023-09-01,-1,1,0.00919157,0.02757470,1.96290035,0.96162307
2023-09-02,-1,-1,0.00000000,0.00000000,1.96290035,0.96162307
2023-09-03,-1,-1,0.00000000,0.00000000,1.96290035,0.96162307
2023-09-04,-1,-1,0.00000000,0.00000000,1.96290035,0.96162307
2023-09-05,-1,-1,-0.00955186,0.00000000,1.96290035,0.95243779
2023-09-06,0,-1,0.00136666,0.00000000,1.96290035,0.95373944
2023-09-07,-1,0,-0.01875632,-0.01875632,1.92608356,0.93585080
2023-09-08,-1,-1,0.00485406,0.00000000,1.92608356,0.94039347
2023-09-09,-1,-1,0.00000000,0.00000000,1.92608356,0.94039347
2023-09-10,-1,-1,0.00000000,0.00000000,1.92608356,0.94039347
2023-09-11,-1,-1,0.00983769,0.00000000,1.92608356,0.94964477
2023-09-12,-1,-1,-0.00105627,0.00000000,1.92608356,0.94864169
2023-09-13,-1,-1,-0.00597099,0.00000000,1.92608356,0.94297736
2023-09-14,0,-1,0.00793919,0.00000000,1.92608356,0.95046384
2023-09-15,-1,0,-0.00020640,-0.00020640,1.92568601,0.95026766
2023-09-16,-1,-1,0.00000000,0.00000000,1.92568601,0.95026766
2023-09-17,-1,-1,0.00000000,0.00000000,1.92568601,0.95026766
2023-09-18,-1,-1,-0.01611213,0.00000000,1.92568601,0.93495683
2023-09-19,-1,-1,0.00000112,0.00000000,1.92568601,0.93495787
2023-09-20,-1,-1,0.00440040,0.00000000,1.92568601,0.93907206
2023-09-21,-1,-1,-0.02736542,0.00000000,1.92568601,0.91337396
2023-09-22,-1,-1,-0.00324108,0.00000000,1.92568601,0.91041364
2023-09-23,-1,-1,0.00000000,0.00000000,1.92568601,0.91041364
2023-09-24,-1,-1,0.00000000,0.00000000,1.92568601,0.91041364
2023-09-25,-1,-1,-0.00750587,0.00000000,1.92568601,0.90358020
2023-09-26,-1,-1,0.00018062,0.00000000,1.92568601,0.90374340
2023-09-27,-1,-1,-0.00450971,0.00000000,1.92568601,0.89966778
2023-09-28,-1,-1,-0.00358476,0.00000000,1.92568601,0.89644269
2023-09-29,-1,-1,0.02099129,0.00000000,1.92568601,0.91526018
2023-09-30,-1,-1,0.00000000,0.00000000,1.92568601,0.91526018
2023-10-01,-1,-1,0.00000000,0.00000000,1.92568601,0.91526018
2023-10-02,-1,-1,-0.00830811,0.00000000,1.92568601,0.90765610
2023-10-03,-1,-1,0.00067782,0.00000000,1.92568601,0.90827133
2023-10-04,-1,-1,-0.00839330,0.00000000,1.92568601,0.90064793
2023-10-05,-1,-1,0.01115069,0.00000000,1.92568601,0.91069078
2023-10-06,-1,-1,-0.01136094,0.00000000,1.92568601,0.90034447
2023-10-07,0,-1,0.00000000,0.00000000,1.92568601,0.90034447
2023-10-08,-1,0,0.00000000,0.00000000,1.92568601,0.90034447
2023-10-09,-1,-1,0.01870545,0.00000000,1.92568601,0.91718582
2023-10-10,-1,-1,0.01268176,0.00000000,1.92568601,0.92881736
2023-10-11,-1,-1,0.00829104,0.00000000,1.92568601,0.93651822
2023-10-12,-1,-1,0.00485052,0.00000000,1.92568601,0.94106082
2023-10-13,-1,-1,-0.00313833,0.00000000,1.92568601,0.93810746
2023-10-14,-1,-1,0.00000000,0.00000000,1.92568601,0.93810746
2023-10-15,-1,-1,0.00000000,0.00000000,1.92568601,0.93810746
2023-10-16,-1,-1,-0.01065871,0.00000000,1.92568601,0.92810844
2023-10-17,-1,-1,-0.00219485,0.00000000,1.92568601,0.92607138
2023-10-18,-1,-1,-0.00037892,0.00000000,1.92568601,0.92572048
2023-10-19,-1,-1,-0.00235539,0.00000000,1.92568601,0.92354004
2023-10-20,-1,-1,-0.01467977,0.00000000,1.92568601,0.90998269
2023-10-21,-1,-1,0.00000000,0.00000000,1.92568601,0.90998269
2023-10-22,-1,-1,0.00000000,0.00000000,1.92568601,0.90998269
2023-10-23,-1,-1,-0.01723969,0.00000000,1.92568601,0.89429487
2023-10-24,-1,-1,0.01203658,0.00000000,1.92568601,0.90505912
2023-10-25,-1,-1,-0.00225620,0.00000000,1.92568601,0.90301713
2023-10-26,-1,-1,-0.02125334,0.00000000,1.92568601,0.88382500
2023-10-27,-1,-1,-0.00770503,0.00000000,1.92568601,0.87701511
2023-10-28,-1,-1,0.00000000,0.00000000,1.92568601,0.87701511
2023-10-29,-1,-1,0.00000000,0.00000000,1.92568601,0.87701511
2023-10-30,-1,-1,0.00403307,0.00000000,1.92568601,0.88055217
2023-10-31,-1,-1,0.00402576,0.00000000,1.92568601,0.88409706
2023-11-01,-1,-1,0.00714123,0.00000000,1.92568601,0.89041060
2023-11-02,-1,-1,0.02791594,0.00000000,1.92568601,0.91526725
2023-11-03,-1,-1,0.00888372,0.00000000,1.92568601,0.92339822
2023-11-04,-1,-1,0.00000000,0.00000000,1.92568601,0.92339822
2023-11-05,-1,-1,0.00000000,0.00000000,1.92568601,0.92339822
2023-11-06,0,-1,0.01024860,0.00000000,1.92568601,0.93286176
2023-11-07,0,0,0.00480964,0.00480964,1.93494787,0.93734849
2023-11-08,1,0,0.00759703,0.00759703,1.94964773,0.94446956
2023-11-09,0,1,0.00151510,0.00454529,1.95850945,0.94590052
2023-11-10,1,0,-0.00486848,-0.00486848,1.94897448,0.94129542
2023-11-11,1,1,0.00000000,0.00000000,1.94897448,0.94129542
2023-11-12,1,1,0.00000000,0.00000000,1.94897448,0.94129542
2023-11-13,1,1,0.01335495,0.04006485,2.02705986,0.95386638
2023-11-14,1,1,0.01836190,0.05508570,2.13872186,0.97138117
2023-11-15,1,1,0.00923505,0.02770515,2.19797547,0.98035193
2023-11-16,1,1,-0.00623900,-0.01871699,2.15683599,0.97423551
2023-11-17,1,1,0.00096431,0.00289293,2.16307556,0.97517498
2023-11-18,1,1,0.00000000,0.00000000,2.16307556,0.97517498
2023-11-19,1,1,0.00000000,0.00000000,2.16307556,0.97517498
2023-11-20,1,1,0.00219906,0.00659719,2.17734578,0.97731945
2023-11-21,-1,1,0.00764761,0.02294283,2.22730025,0.98479361
2023-11-22,-1,-1,0.00400840,0.00000000,2.22730025,0.98874106
2023-11-23,-1,-1,0.00000000,0.00000000,2.22730025,0.98874106
2023-11-24,1,-1,-0.00234693,0.00000000,2.22730025,0.98642055
2023-11-25,-1,1,0.00000000,0.00000000,2.22730025,0.98642055
2023-11-26,1,-1,0.00000000,0.00000000,2.22730025,0.98642055
2023-11-27,-1,1,-0.00165322,-0.00495966,2.21625359,0.98478978
2023-11-28,-1,-1,-0.00153617,0.00000000,2.21625359,0.98327698
2023-11-29,-1,-1,0.01103342,0.00000000,2.21625359,0.99412588
2023-11-30,-1,-1,-0.00665136,0.00000000,2.21625359,0.98751360
2023-12-01,-1,-1,-0.00596417,0.00000000,2.21625359,0.98162390
2023-12-02,-1,-1,0.00000000,0.00000000,2.21625359,0.98162390
2023-12-03,-1,-1,0.00000000,0.00000000,2.21625359,0.98162390
2023-12-04,-1,-1,-0.00429131,0.00000000,2.21625359,0.97741145
2023-12-05,-1,-1,-0.00439850,0.00000000,2.21625359,0.97311231
2023-12-06,1,-1,0.01527779,0.00000000,2.21625359,0.98797931
2023-12-07,1,1,-0.00562323,-0.01686968,2.17886610,0.98242368
2023-12-08,1,1,0.00154902,0.00464706,2.18899142,0.98394547
2023-12-09,1,1,0.00000000,0.00000000,2.18899142,0.98394547
2023-12-10,1,1,0.00000000,0.00000000,2.18899142,0.98394547
2023-12-11,1,1,0.00790044,0.02370131,2.24087338,0.99171907
2023-12-12,1,1,0.00974682,0.02924047,2.30639757,1.00138518
2023-12-13,1,1,0.01026786,0.03080358,2.37744287,1.01166726
2023-12-14,1,1,0.01340194,0.04020582,2.47302991,1.02522557
2023-12-15,1,1,-0.00196622,-0.00589865,2.45844237,1.02320975
2023-12-16,1,1,0.00000000,0.00000000,2.45844237,1.02320975
2023-12-17,1,1,0.00000000,0.00000000,2.45844237,1.02320975
2023-12-18,1,1,0.00385145,0.01155436,2.48684810,1.02715060
2023-12-19,1,1,0.00644843,0.01934528,2.53495686,1.03377410
2023-12-20,1,1,0.00198297,0.00594892,2.55003711,1.03582405
2023-12-21,1,1,-0.00316472,-0.00949417,2.52582664,1.03254595
2023-12-22,1,1,0.00478131,0.01434394,2.56205694,1.03748288
2023-12-23,1,1,0.00000000,0.00000000,2.56205694,1.03748288
2023-12-24,1,1,0.00000000,0.00000000,2.56205694,1.03748288
2023-12-25,1,1,0.00000000,0.00000000,2.56205694,1.03748288
2023-12-26,1,1,0.00059994,0.00179983,2.56666820,1.03810531
2023-12-27,1,1,0.00468720,0.01406161,2.60275970,1.04297112
2023-12-28,1,1,0.00418067,0.01254200,2.63540352,1.04733143
2023-12-29,-1,1,-0.00336138,-0.01008415,2.60882773,1.04381095
2023-12-30,-1,-1,0.00000000,0.00000000,2.60882773,1.04381095
2023-12-31,-1,-1,0.00000000,0.00000000,2.60882773,1.04381095
2024-01-01,-1,-1,0.00000000,0.00000000,2.60882773,1.04381095
2024-01-02,-1,-1,-0.01321918,0.00000000,2.60882773,1.03001262
2024-01-03,-1,-1,-0.01456503,0.00000000,2.60882773,1.01501046
2024-01-04,-1,-1,-0.00872593,0.00000000,2.60882773,1.00615355
2024-01-05,-1,-1,0.00001130,0.00000000,2.60882773,1.00616493
2024-01-06,-1,-1,0.00000000,0.00000000,2.60882773,1.00616493
2024-01-07,-1,-1,0.00000000,0.00000000,2.60882773,1.00616493
2024-01-08,1,-1,0.00388237,0.00000000,2.60882773,1.01007123
2024-01-09,-1,1,0.00986891,0.02960672,2.68606655,1.02003953
2024-01-10,1,-1,0.01034184,0.00000000,2.68606655,1.03058861
2024-01-11,-1,1,0.00915650,0.02746949,2.75985144,1.04002519
2024-01-12,-1,-1,0.00149357,0.00000000,2.75985144,1.04157854
2024-01-13,-1,-1,0.00000000,0.00000000,2.75985144,1.04157854
2024-01-14,-1,-1,0.00000000,0.00000000,2.75985144,1.04157854
2024-01-15,-1,-1,0.00000000,0.00000000,2.75985144,1.04157854
2024-01-16,1,-1,-0.00509354,0.00000000,2.75985144,1.03627322
2024-01-17,-1,1,-0.00524674,-0.01574023,2.71641075,1.03083616
2024-01-18,-1,-1,0.01072409,0.00000000,2.71641075,1.04189094
2024-01-19,-1,-1,0.01144629,0.00000000,2.71641075,1.05381673
2024-01-20,-1,-1,0.00000000,0.00000000,2.71641075,1.05381673
2024-01-21,-1,-1,0.00000000,0.00000000,2.71641075,1.05381673
2024-01-22,1,-1,0.01971301,0.00000000,2.71641075,1.07459064
2024-01-23,1,1,-0.00232194,-0.00696583,2.69748870,1.07209550
2024-01-24,1,1,0.01186642,0.03559927,2.79351732,1.08481744
2024-01-25,1,1,0.00216426,0.00649278,2.81165503,1.08716526
2024-01-26,1,1,-0.00916177,-0.02748531,2.73437581,1.07720491
2024-01-27,0,1,0.00000000,0.00000000,2.73437581,1.07720491
2024-01-28,0,0,0.00000000,0.00000000,2.73437581,1.07720491
2024-01-29,1,0,-0.00039609,-0.00039609,2.73329276,1.07677824
2024-01-30,0,1,0.00667628,0.02002883,2.78803741,1.08396711
2024-01-31,-1,0,-0.01463430,-0.01463430,2.74723644,1.06810401
2024-02-01,0,-1,-0.00490120,0.00000000,2.74723644,1.06286902
2024-02-02,-1,0,0.01196014,0.01196014,2.78009378,1.07558108
2024-02-03,-1,-1,0.00000000,0.00000000,2.78009378,1.07558108
2024-02-04,-1,-1,0.00000000,0.00000000,2.78009378,1.07558108
2024-02-05,-1,-1,0.01244608,0.00000000,2.78009378,1.08896785
2024-02-06,-1,-1,0.00123894,0.00000000,2.78009378,1.09031701
2024-02-07,-1,-1,0.00186801,0.00000000,2.78009378,1.09235373
2024-02-08,-1,-1,0.00394439,0.00000000,2.78009378,1.09666239
2024-02-09,0,-1,0.00423769,0.00000000,2.78009378,1.10130971
2024-02-10,0,0,0.00000000,0.00000000,2.78009378,1.10130971
2024-02-11,0,0,0.00000000,0.00000000,2.78009378,1.10130971
2024-02-12,0,0,0.00692155,0.00692155,2.79933633,1.10893247
2024-02-13,-1,0,-0.02209795,-0.02209795,2.73747674,1.08442734
2024-02-14,0,-1,0.00930299,0.00000000,2.73747674,1.09451575
2024-02-15,0,0,0.00617369,0.00617369,2.75437708,1.10127296
2024-02-16,0,0,0.00224015,0.00224015,2.76054730,1.10373998
2024-02-17,0,0,0.00000000,0.00000000,2.76054730,1.10373998
2024-02-18,0,0,0.00000000,0.00000000,2.76054730,1.10373998
2024-02-19,-1,0,0.00000000,0.00000000,2.76054730,1.10373998
2024-02-20,-1,-1,-0.01458148,0.00000000,2.76054730,1.08764581
2024-02-21,0,-1,-0.00934905,0.00000000,2.76054730,1.07747736
2024-02-22,-1,0,0.02341379,0.02341379,2.82518217,1.10270518
2024-02-23,-1,-1,0.01189364,0.00000000,2.82518217,1.11582036
2024-02-24,-1,-1,0.00000000,0.00000000,2.82518217,1.11582036
2024-02-25,1,-1,0.00000000,0.00000000,2.82518217,1.11582036
2024-02-26,-1,1,-0.00466790,-0.01400371,2.78561914,1.11061182
2024-02-27,1,-1,0.00016025,0.00000000,2.78561914,1.11078980
2024-02-28,-1,1,-0.00512371,-0.01537113,2.74280102,1.10509844
2024-02-29,-1,-1,0.00642115,0.00000000,2.74280102,1.11219443
2024-03-01,-1,-1,0.00381952,0.00000000,2.74280102,1.11644249
2024-03-02,-1,-1,0.00000000,0.00000000,2.74280102,1.11644249
2024-03-03,-1,-1,0.00000000,0.00000000,2.74280102,1.11644249
2024-03-04,-1,-1,0.01299095,0.00000000,2.74280102,1.13094613
2024-03-05,-1,-1,-0.01049565,0.00000000,2.74280102,1.11907612
2024-03-06,-1,-1,-0.00139126,0.00000000,2.74280102,1.11751920
2024-03-07,-1,-1,0.00475606,0.00000000,2.74280102,1.12283418
2024-03-08,-1,-1,0.00765761,0.00000000,2.74280102,1.13143240
2024-03-09,-1,-1,0.00000000,0.00000000,2.74280102,1.13143240
2024-03-10,-1,-1,0.00000000,0.00000000,2.74280102,1.13143240
2024-03-11,-1,-1,-0.01860815,0.00000000,2.74280102,1.11037854
2024-03-12,-1,-1,0.00507530,0.00000000,2.74280102,1.11601404
2024-03-13,-1,-1,0.00663375,0.00000000,2.74280102,1.12341740
2024-03-14,-1,-1,-0.00259963,0.00000000,2.74280102,1.12049693
2024-03-15,-1,-1,-0.01229990,0.00000000,2.74280102,1.10671493
2024-03-16,-1,-1,0.00000000,0.00000000,2.74280102,1.10671493
2024-03-17,-1,-1,0.00000000,0.00000000,2.74280102,1.10671493
2024-03-18,-1,-1,0.00743375,0.00000000,2.74280102,1.11494197
2024-03-19,-1,-1,-0.00747819,0.00000000,2.74280102,1.10660422
2024-03-20,-1,-1,0.00995153,0.00000000,2.74280102,1.11761662
2024-03-21,-1,-1,0.02068641,0.00000000,2.74280102,1.14073610
2024-03-22,-1,-1,-0.00785448,0.00000000,2.74280102,1.13177621
2024-03-23,-1,-1,0.00000000,0.00000000,2.74280102,1.13177621
2024-03-24,-1,-1,0.00000000,0.00000000,2.74280102,1.13177621
2024-03-25,-1,-1,-0.00404967,0.00000000,2.74280102,1.12719289
2024-03-26,-1,-1,0.00619537,0.00000000,2.74280102,1.13417627
2024-03-27,-1,-1,0.00031959,0.00000000,2.74280102,1.13453874
2024-03-28,-1,-1,-0.00371115,0.00000000,2.74280102,1.13032830
2024-03-29,-1,-1,0.00000000,0.00000000,2.74280102,1.13032830
2024-03-30,-1,-1,0.00000000,0.00000000,2.74280102,1.13032830
2024-03-31,-1,-1,0.00000000,0.00000000,2.74280102,1.13032830
2024-04-01,-1,-1,0.00042226,0.00000000,2.74280102,1.13080560
2024-04-02,-1,-1,-0.01099407,0.00000000,2.74280102,1.11837344
2024-04-03,-1,-1,-0.00254895,0.00000000,2.74280102,1.11552276
2024-04-04,-1,-1,0.01679811,0.00000000,2.74280102,1.13426144
2024-04-05,-1,-1,-0.02139051,0.00000000,2.74280102,1.10999901
2024-04-06,-1,-1,0.00000000,0.00000000,2.74280102,1.10999901
2024-04-07,-1,-1,0.00000000,0.00000000,2.74280102,1.10999901
2024-04-08,-1,-1,0.01060281,0.00000000,2.74280102,1.12176812
2024-04-09,-1,-1,0.00349678,0.00000000,2.74280102,1.12569069
2024-04-10,-1,-1,-0.01343726,0.00000000,2.74280102,1.11056450
2024-04-11,-1,-1,0.00745604,0.00000000,2.74280102,1.11884491
2024-04-12,-1,-1,0.00190994,0.00000000,2.74280102,1.12098183
2024-04-13,-1,-1,0.00000000,0.00000000,2.74280102,1.12098183
2024-04-14,-1,-1,0.00000000,0.00000000,2.74280102,1.12098183
2024-04-15,-1,-1,0.00217627,0.00000000,2.74280102,1.12342139
2024-04-16,-1,-1,-0.02524468,0.00000000,2.74280102,1.09506097
2024-04-17,-1,-1,0.00509654,0.00000000,2.74280102,1.10064200
2024-04-18,-1,-1,-0.01526267,0.00000000,2.74280102,1.08384326
2024-04-19,-1,-1,-0.01001926,0.00000000,2.74280102,1.07298396
2024-04-20,-1,-1,0.00000000,0.00000000,2.74280102,1.07298396
2024-04-21,-1,-1,0.00000000,0.00000000,2.74280102,1.07298396
2024-04-22,-1,-1,-0.01161760,0.00000000,2.74280102,1.06051846
2024-04-23,-1,-1,0.00829618,0.00000000,2.74280102,1.06931671
2024-04-24,-1,-1,0.01763884,0.00000000,2.74280102,1.08817821
2024-04-25,0,-1,-0.02091828,0.00000000,2.74280102,1.06541540
2024-04-26,0,0,0.01999960,0.01999960,2.79765593,1.08672328
2024-04-27,0,0,0.00000000,0.00000000,2.79765593,1.08672328
2024-04-28,0,0,0.00000000,0.00000000,2.79765593,1.08672328
2024-04-29,0,0,0.01287247,0.01287247,2.83366868,1.10071209
2024-04-30,0,0,-0.00456681,-0.00456681,2.82072784,1.09568535
2024-05-01,0,0,-0.01854469,-0.01854469,2.76841832,1.07536620
2024-05-02,0,0,0.00506859,0.00506859,2.78245031,1.08081680
2024-05-03,0,0,0.02149438,0.02149438,2.84225735,1.10404828
2024-05-04,0,0,0.00000000,0.00000000,2.84225735,1.10404828
2024-05-05,0,0,0.00000000,0.00000000,2.84225735,1.10404828
2024-05-06,1,0,0.00658264,0.00658264,2.86096690,1.11131583
2024-05-07,1,1,0.00777633,0.02332899,2.92771036,1.11995779
2024-05-08,1,1,-0.00688036,-0.02064107,2.86727928,1.11225208
2024-05-09,1,1,0.00607305,0.01821916,2.91951869,1.11900685
2024-05-10,1,1,0.00501593,0.01504780,2.96345102,1.12461971
2024-05-11,1,1,0.00000000,0.00000000,2.96345102,1.12461971
2024-05-12,1,1,0.00000000,0.00000000,2.96345102,1.12461971
2024-05-13,1,1,0.00329598,0.00988794,2.99275345,1.12832643
2024-05-14,1,1,-0.00303221,-0.00909663,2.96552948,1.12490511
2024-05-15,1,1,0.01305354,0.03916061,3.08166141,1.13958910
2024-05-16,1,1,0.00954964,0.02864892,3.16994767,1.15047176
2024-05-17,1,1,-0.00132944,-0.00398833,3.15730488,1.14894228
2024-05-18,1,1,0.00000000,0.00000000,3.15730488,1.14894228
2024-05-19,1,1,0.00000000,0.00000000,3.15730488,1.14894228
2024-05-20,1,1,-0.00027361,-0.00082082,3.15471330,1.14862792
2024-05-21,1,1,0.00233950,0.00701851,3.17685469,1.15131514
2024-05-22,1,1,0.00666441,0.01999322,3.24037024,1.15898797
2024-05-23,1,1,0.00985172,0.02955516,3.33613989,1.17040599
2024-05-24,1,1,-0.01143039,-0.03429117,3.22173976,1.15702780
2024-05-25,-1,1,0.00000000,0.00000000,3.22173976,1.15702780
2024-05-26,1,-1,0.00000000,0.00000000,3.22173976,1.15702780
2024-05-27,-1,1,0.00000000,0.00000000,3.22173976,1.15702780
2024-05-28,1,-1,0.00855381,0.00000000,3.22173976,1.16692479
2024-05-29,-1,1,-0.00807317,-0.02421952,3.14371078,1.15750401
2024-05-30,-1,-1,0.00006442,0.00000000,3.14371078,1.15757857
2024-05-31,-1,-1,-0.00818237,0.00000000,3.14371078,1.14810683
2024-06-01,-1,-1,0.00000000,0.00000000,3.14371078,1.14810683
2024-06-02,1,-1,0.00000000,0.00000000,3.14371078,1.14810683
2024-06-03,-1,1,0.00617599,0.01852798,3.20195740,1.15519753
2024-06-04,-1,-1,-0.00373904,0.00000000,3.20195740,1.15087821
2024-06-05,-1,-1,0.01129768,0.00000000,3.20195740,1.16388046
2024-06-06,-1,-1,0.01362211,0.00000000,3.20195740,1.17973497
2024-06-07,-1,-1,-0.00263548,0.00000000,3.20195740,1.17662580
2024-06-08,-1,-1,0.00000000,0.00000000,3.20195740,1.17662580
2024-06-09,-1,-1,0.00000000,0.00000000,3.20195740,1.17662580
2024-06-10,-1,-1,-0.00255814,0.00000000,3.20195740,1.17361583
2024-06-11,-1,-1,0.00373873,0.00000000,3.20195740,1.17800366
2024-06-12,1,-1,0.01823162,0.00000000,3.20195740,1.19948058
2024-06-13,-1,1,0.01214311,0.03642932,3.31860253,1.21404600
2024-06-14,-1,-1,-0.00253173,0.00000000,3.31860253,1.21097236
2024-06-15,-1,-1,0.00000000,0.00000000,3.31860253,1.21097236
2024-06-16,-1,-1,0.00000000,0.00000000,3.31860253,1.21097236
2024-06-17,-1,-1,0.00618856,0.00000000,3.31860253,1.21846653
2024-06-18,-1,-1,0.01155713,0.00000000,3.31860253,1.23254850
2024-06-19,-1,-1,0.00000000,0.00000000,3.31860253,1.23254850
2024-06-20,-1,-1,0.00292560,0.00000000,3.31860253,1.23615445
2024-06-21,-1,-1,-0.01075357,0.00000000,3.31860253,1.22286138
2024-06-22,-1,-1,0.00000000,0.00000000,3.31860253,1.22286138
2024-06-23,-1,-1,0.00000000,0.00000000,3.31860253,1.22286138
2024-06-24,-1,-1,-0.00469458,0.00000000,3.31860253,1.21712056
2024-06-25,0,-1,-0.00439854,0.00000000,3.31860253,1.21176701
2024-06-26,-1,0,0.00520235,0.00520235,3.33586705,1.21807104
2024-06-27,-1,-1,0.00327737,0.00000000,3.33586705,1.22206310
2024-06-28,-1,-1,0.00477614,0.00000000,3.33586705,1.22789985
2024-06-29,-1,-1,0.00000000,0.00000000,3.33586705,1.22789985
2024-06-30,1,-1,0.00000000,0.00000000,3.33586705,1.22789985
2024-07-01,-1,1,-0.00491491,-0.01474472,3.28668062,1.22186483
2024-07-02,1,-1,0.00077952,0.00000000,3.28668062,1.22281730
2024-07-03,1,1,0.01208850,0.03626550,3.40587375,1.23759933
2024-07-04,1,1,0.00000000,0.00000000,3.40587375,1.23759933
2024-07-05,1,1,0.01165034,0.03495101,3.52491249,1.25201778
2024-07-06,1,1,0.00000000,0.00000000,3.52491249,1.25201778
2024-07-07,1,1,0.00000000,0.00000000,3.52491249,1.25201778
2024-07-08,-1,1,0.00944933,0.02834800,3.62483671,1.26384851
2024-07-09,-1,-1,0.00469829,0.00000000,3.62483671,1.26978644
2024-07-10,1,-1,0.00169411,0.00000000,3.62483671,1.27193759
2024-07-11,-1,1,0.00671450,0.02014350,3.69785359,1.28047801
2024-07-12,-1,-1,-0.02099198,0.00000000,3.69785359,1.25359824
2024-07-13,-1,-1,0.00000000,0.00000000,3.69785359,1.25359824
2024-07-14,-1,-1,0.00000000,0.00000000,3.69785359,1.25359824
2024-07-15,1,-1,0.00832267,0.00000000,3.69785359,1.26403152
2024-07-16,1,1,0.00203640,0.00610921,3.72044457,1.26660560
2024-07-17,0,1,-0.01876654,-0.05629961,3.51098498,1.24283580
2024-07-18,0,0,-0.00562247,-0.00562247,3.49124458,1.23584799
2024-07-19,0,0,-0.01313760,-0.01313760,3.44537801,1.21961192
2024-07-20,0,0,0.00000000,0.00000000,3.44537801,1.21961192
2024-07-21,-1,0,0.00000000,0.00000000,3.44537801,1.21961192
2024-07-22,-1,-1,0.00419036,0.00000000,3.44537801,1.22472253
2024-07-23,0,-1,0.00051645,0.00000000,3.44537801,1.22535505
2024-07-24,-1,0,-0.01575887,-0.01575887,3.39108274,1.20604483
2024-07-25,-1,-1,-0.02132582,0.00000000,3.39108274,1.18032494
2024-07-26,-1,-1,-0.00230354,0.00000000,3.39108274,1.17760602
2024-07-27,-1,-1,0.00000000,0.00000000,3.39108274,1.17760602
2024-07-28,-1,-1,0.00000000,0.00000000,3.39108274,1.17760602
2024-07-29,-1,-1,0.00660596,0.00000000,3.39108274,1.18538523
2024-07-30,-1,-1,0.00031577,0.00000000,3.39108274,1.18575954
2024-07-31,-1,-1,0.00431780,0.00000000,3.39108274,1.19087941
2024-08-01,-1,-1,0.00832031,0.00000000,3.39108274,1.20078790
2024-08-02,-1,-1,-0.04422533,0.00000000,3.39108274,1.14768265
2024-08-03,-1,-1,0.00000000,0.00000000,3.39108274,1.14768265
2024-08-04,-1,-1,0.00000000,0.00000000,3.39108274,1.14768265
2024-08-05,-1,-1,-0.05806369,0.00000000,3.39108274,1.08104396
2024-08-06,-1,-1,0.02947444,0.00000000,3.39108274,1.11290713
2024-08-07,-1,-1,0.02117367,0.00000000,3.39108274,1.13647145
2024-08-08,1,-1,-0.01216167,0.00000000,3.39108274,1.12265006
2024-08-09,1,1,0.01286861,0.03860583,3.52199832,1.13709701
2024-08-10,1,1,0.00000000,0.00000000,3.52199832,1.13709701
2024-08-11,1,1,0.00000000,0.00000000,3.52199832,1.13709701
2024-08-12,1,1,0.01042354,0.03127063,3.63213342,1.14894959
2024-08-13,1,1,0.00980463,0.02941390,3.73896862,1.16021462
2024-08-14,1,1,0.01687294,0.05061882,3.92823080,1.17979085
2024-08-15,0,1,0.01132463,0.03397388,4.06168806,1.19315154
2024-08-16,0,0,0.00824331,0.00824331,4.09516982,1.20298706
2024-08-17,1,0,0.00000000,0.00000000,4.09516982,1.20298706
2024-08-18,1,1,0.00000000,0.00000000,4.09516982,1.20298706
2024-08-19,1,1,0.00540001,0.01620004,4.16151171,1.20948321
2024-08-20,1,1,0.01088691,0.03266072,4.29742969,1.22265074
2024-08-21,1,1,0.00146805,0.00440415,4.31635622,1.22444565
2024-08-22,1,1,0.00787499,0.02362498,4.41833006,1.23408815
2024-08-23,1,1,-0.01156095,-0.03468286,4.26508973,1.21982092
2024-08-24,1,1,0.00000000,0.00000000,4.26508973,1.21982092
2024-08-25,1,1,0.00000000,0.00000000,4.26508973,1.21982092
2024-08-26,1,1,0.00045610,0.00136829,4.27092559,1.22037727
2024-08-27,1,1,-0.01201462,-0.03604387,4.11698491,1.20571490
2024-08-28,1,1,0.00547478,0.01642434,4.18460365,1.21231592
2024-08-29,1,1,-0.00630835,-0.01892505,4.10540983,1.20466821
2024-08-30,1,1,0.00371428,0.01114284,4.15115577,1.20914269
2024-08-31,1,1,0.00000000,0.00000000,4.15115577,1.20914269
2024-09-01,1,1,0.00000000,0.00000000,4.15115577,1.20914269
2024-09-02,1,1,0.00000000,0.00000000,4.15115577,1.20914269
2024-09-03,1,1,-0.00386850,-0.01160549,4.10297956,1.20446512
2024-09-04,1,1,-0.03070182,-0.09210547,3.72507271,1.16748585
2024-09-05,1,1,0.00063856,0.00191567,3.73220872,1.16823135
2024-09-06,0,1,0.00297761,0.00893284,3.76554795,1.17170989
2024-09-07,0,0,0.00000000,0.00000000,3.76554795,1.17170989
2024-09-08,0,0,0.00000000,0.00000000,3.76554795,1.17170989
2024-09-09,1,0,-0.01579528,-0.01579528,3.70607008,1.15320241
2024-09-10,1,1,0.00701534,0.02104602,3.78406810,1.16129252
2024-09-11,1,1,0.00803820,0.02411461,3.87531943,1.17062723
2024-09-12,1,1,0.01900614,0.05701842,4.09628401,1.19287633
2024-09-13,1,1,0.00818167,0.02454501,4.19682733,1.20263605
2024-09-14,1,1,0.00000000,0.00000000,4.19682733,1.20263605
2024-09-15,1,1,0.00000000,0.00000000,4.19682733,1.20263605
2024-09-16,1,1,0.00149380,0.00448140,4.21563499,1.20443255
2024-09-17,1,1,0.00655490,0.01966469,4.29853416,1.21232748
2024-09-18,1,1,-0.00334651,-0.01003952,4.25537894,1.20827042
2024-09-19,1,1,0.01666455,0.04999364,4.46812082,1.22840569
2024-09-20,1,1,-0.00024077,-0.00072231,4.46489346,1.22810993
2024-09-21,1,1,0.00000000,0.00000000,4.46489346,1.22810993
2024-09-22,1,1,0.00000000,0.00000000,4.46489346,1.22810993
2024-09-23,1,1,0.00235966,0.00707899,4.49650039,1.23100786
2024-09-24,1,1,0.00313180,0.00939539,4.53874678,1.23486313
2024-09-25,1,1,0.00056225,0.00168674,4.54640248,1.23555742
2024-09-26,1,1,0.01780254,0.05340762,4.78921504,1.25755349
2024-09-27,1,1,-0.00580608,-0.01741823,4.70579538,1.25025203
2024-09-28,1,1,0.00000000,0.00000000,4.70579538,1.25025203
2024-09-29,0,1,0.00000000,0.00000000,4.70579538,1.25025203
2024-09-30,1,0,-0.00962880,-0.00962880,4.66048425,1.23821361
2024-10-01,0,1,0.00395974,0.01187922,4.71584717,1.24311662
2024-10-02,0,0,-0.01506329,-0.01506329,4.64481099,1.22439119
2024-10-03,0,0,-0.00127388,-0.00127388,4.63889404,1.22283146
2024-10-04,0,0,0.01605170,0.01605170,4.71335620,1.24245999
2024-10-05,1,0,0.00000000,0.00000000,4.71335620,1.24245999
2024-10-06,0,1,0.00000000,0.00000000,4.71335620,1.24245999
2024-10-07,0,0,-0.00422206,-0.00422206,4.69345615,1.23721425
2024-10-08,1,0,-0.00150665,-0.00150665,4.68638474,1.23535020
2024-10-09,1,1,0.00895616,0.02686848,4.81230076,1.24641419
2024-10-10,1,1,0.00379755,0.01139266,4.86712567,1.25114752
2024-10-11,1,1,-0.00023607,-0.00070820,4.86367876,1.25085216
2024-10-12,1,1,0.00000000,0.00000000,4.86367876,1.25085216
2024-10-13,1,1,0.00000000,0.00000000,4.86367876,1.25085216
2024-10-14,1,1,0.01025439,0.03076318,5.01330100,1.26367890
2024-10-15,1,1,0.00416402,0.01249206,5.07592744,1.26894088
2024-10-16,1,1,-0.01335732,-0.04007197,4.87252502,1.25199122
2024-10-17,1,1,0.01069199,0.03207596,5.02881595,1.26537750
2024-10-18,1,1,-0.00477935,-0.01433806,4.95671249,1.25932981
2024-10-19,1,1,0.00000000,0.00000000,4.95671249,1.25932981
2024-10-20,1,1,0.00000000,0.00000000,4.95671249,1.25932981
2024-10-21,1,1,-0.00164942,-0.00494827,4.93218535,1.25725265
2024-10-22,1,1,-0.00104836,-0.00314508,4.91667322,1.25593459
2024-10-23,1,1,0.00174381,0.00523142,4.94239442,1.25812470
2024-10-24,1,1,-0.00299591,-0.00898772,4.89797358,1.25435548
2024-10-25,1,1,0.00614917,0.01844751,4.98832898,1.26206872
2024-10-26,1,1,0.00000000,0.00000000,4.98832898,1.26206872
2024-10-27,1,1,0.00000000,0.00000000,4.98832898,1.26206872
2024-10-28,1,1,0.00670605,0.02011816,5.08868496,1.27053222
2024-10-29,1,1,-0.00548582,-0.01645746,5.00493815,1.26356231
2024-10-30,1,1,0.00740285,0.02220856,5.11609063,1.27291628
2024-10-31,0,1,-0.01405176,-0.04215529,4.90042032,1.25502956
2024-11-01,1,0,-0.01397450,-0.01397450,4.83193940,1.23749115
2024-11-02,1,1,0.00000000,0.00000000,4.83193940,1.23749115
2024-11-03,1,1,0.00000000,0.00000000,4.83193940,1.23749115
2024-11-04,0,1,0.00272376,0.00817127,4.87142249,1.24086177
2024-11-05,1,0,0.00162952,0.00162952,4.87936057,1.24288378
2024-11-06,1,1,0.02656160,0.07968481,5.26817147,1.27589677
2024-11-07,1,1,0.01564788,0.04694363,5.51547857,1.29586184
2024-11-08,1,1,0.00913304,0.02739911,5.66659775,1.30769699
2024-11-09,1,1,0.00000000,0.00000000,5.66659775,1.30769699
2024-11-10,1,1,0.00000000,0.00000000,5.66659775,1.30769699
2024-11-11,1,1,0.00453839,0.01361517,5.74374946,1.31363183
2024-11-12,1,1,-0.00309479,-0.00928436,5.69042243,1.30956642
2024-11-13,1,1,-0.00267349,-0.00802047,5.64478258,1.30606531
2024-11-14,1,1,-0.00095453,-0.00286359,5.62861823,1.30481863
2024-11-15,1,1,-0.01753265,-0.05259794,5.33256451,1.28194171
2024-11-16,1,1,0.00000000,0.00000000,5.33256451,1.28194171
2024-11-17,1,1,0.00000000,0.00000000,5.33256451,1.28194171
2024-11-18,1,1,-0.00954674,-0.02864021,5.17983873,1.26970335
2024-11-19,1,1,-0.00142845,-0.00428534,5.15764137,1.26788965
2024-11-20,1,1,0.01153640,0.03460920,5.33614322,1.28251653
2024-11-21,1,1,0.00612074,0.01836221,5.43412662,1.29036647
2024-11-22,1,1,-0.00358652,-0.01075957,5.37565775,1.28573855
2024-11-23,1,1,0.00000000,0.00000000,5.37565775,1.28573855
2024-11-24,1,1,0.00000000,0.00000000,5.37565775,1.28573855
2024-11-25,-1,1,0.01085250,0.03255750,5.55067573,1.29969202
2024-11-26,-1,-1,-0.00356027,0.00000000,5.55067573,1.29506477
2024-11-27,-1,-1,0.00017416,0.00000000,5.55067573,1.29529032
2024-11-28,-1,-1,0.00000000,0.00000000,5.55067573,1.29529032
2024-11-29,-1,-1,-0.00442012,0.00000000,5.55067573,1.28956498
2024-11-30,-1,-1,0.00000000,0.00000000,5.55067573,1.28956498
2024-12-01,-1,-1,0.00000000,0.00000000,5.55067573,1.28956498
2024-12-02,-1,-1,0.01004059,0.00000000,5.55067573,1.30251296
2024-12-03,-1,-1,0.00576993,0.00000000,5.55067573,1.31002837
2024-12-04,-1,-1,0.01238301,0.00000000,5.55067573,1.32625046
2024-12-05,-1,-1,0.00575075,0.00000000,5.55067573,1.33387740
2024-12-06,-1,-1,-0.00159548,0.00000000,5.55067573,1.33174923
2024-12-07,-1,-1,0.00000000,0.00000000,5.55067573,1.33174923
2024-12-08,-1,-1,0.00000000,0.00000000,5.55067573,1.33174923
2024-12-09,-1,-1,0.00589124,0.00000000,5.55067573,1.33959488
2024-12-10,-1,-1,-0.00367146,0.00000000,5.55067573,1.33467661
2024-12-11,-1,-1,0.00263540,0.00000000,5.55067573,1.33819401
2024-12-12,-1,-1,0.00508878,0.00000000,5.55067573,1.34500378
2024-12-13,-1,-1,0.00527151,0.00000000,5.55067573,1.35209398
2024-12-14,-1,-1,0.00000000,0.00000000,5.55067573,1.35209398
2024-12-15,-1,-1,0.00000000,0.00000000,5.55067573,1.35209398
2024-12-16,-1,-1,0.00494107,0.00000000,5.55067573,1.35877477
2024-12-17,-1,-1,0.00614777,0.00000000,5.55067573,1.36712821
2024-12-18,-1,-1,-0.00224410,0.00000000,5.55067573,1.36406023
2024-12-19,-1,-1,-0.02609059,0.00000000,5.55067573,1.32847109
2024-12-20,-1,-1,-0.02061809,0.00000000,5.55067573,1.30108056
2024-12-21,-1,-1,0.00000000,0.00000000,5.55067573,1.30108056
2024-12-22,-1,-1,0.00000000,0.00000000,5.55067573,1.30108056
2024-12-23,-1,-1,0.01947680,0.00000000,5.55067573,1.32642144
2024-12-24,-1,-1,0.01017548,0.00000000,5.55067573,1.33991843
2024-12-25,1,-1,0.00000000,0.00000000,5.55067573,1.33991843
2024-12-26,1,1,0.00664719,0.01994158,5.66136497,1.34882512
2024-12-27,1,1,-0.00438469,-0.01315407,5.58689495,1.34291094
2024-12-28,0,1,0.00000000,0.00000000,5.58689495,1.34291094
2024-12-29,0,0,0.00000000,0.00000000,5.58689495,1.34291094
2024-12-30,0,0,-0.01995435,-0.01995435,5.47541210,1.31611403
2024-12-31,0,0,0.00270329,0.00270329,5.49021372,1.31967186
2025-01-01,0,0,0.00000000,0.00000000,5.49021372,1.31967186
2025-01-02,0,0,-0.00503734,-0.00503734,5.46255766,1.31302423
2025-01-03,0,0,-0.00184443,-0.00184443,5.45248238,1.31060245
2025-01-04,0,0,0.00000000,0.00000000,5.45248238,1.31060245
2025-01-05,0,0,0.00000000,0.00000000,5.45248238,1.31060245
2025-01-06,0,0,0.02078975,0.02078975,5.56583812,1.33784955
2025-01-07,0,0,0.00298600,0.00298600,5.58245771,1.34184437
2025-01-08,0,0,-0.01999593,-0.01999593,5.47083129,1.31501294
2025-01-09,0,0,0.00000000,0.00000000,5.47083129,1.31501294
2025-01-10,-1,0,-0.00699003,-0.00699003,5.43258999,1.30582096
2025-01-11,-1,-1,0.00000000,0.00000000,5.43258999,1.30582096
2025-01-12,-1,-1,0.00000000,0.00000000,5.43258999,1.30582096
2025-01-13,-1,-1,-0.02009102,0.00000000,5.43258999,1.27958568
2025-01-14,-1,-1,0.01504026,0.00000000,5.43258999,1.29883097
2025-01-15,-1,-1,0.00843987,0.00000000,5.43258999,1.30979294
2025-01-16,-1,-1,0.01159065,0.00000000,5.43258999,1.32497430
2025-01-17,-1,-1,0.00746193,0.00000000,5.43258999,1.33486116
2025-01-18,-1,-1,0.00000000,0.00000000,5.43258999,1.33486116
2025-01-19,-1,-1,0.00000000,0.00000000,5.43258999,1.33486116
2025-01-20,-1,-1,0.00000000,0.00000000,5.43258999,1.33486116
2025-01-21,0,-1,0.00310121,0.00000000,5.43258999,1.33900084
2025-01-22,1,0,0.00971499,0.00971499,5.48536753,1.35200922
2025-01-23,1,1,-0.00099281,-0.00297842,5.46902980,1.35066694
2025-01-24,1,1,0.00752057,0.02256172,5.59242053,1.36082473
2025-01-25,1,1,0.00000000,0.00000000,5.59242053,1.36082473
2025-01-26,1,1,0.00000000,0.00000000,5.59242053,1.36082473
2025-01-27,-1,1,-0.04132663,-0.12397988,4.89907291,1.30458643
2025-01-28,-1,-1,0.00827514,0.00000000,4.89907291,1.31538207
2025-01-29,-1,-1,0.01404506,0.00000000,4.89907291,1.33385668
2025-01-30,-1,-1,0.00238936,0.00000000,4.89907291,1.33704375
2025-01-31,-1,-1,0.00612381,0.00000000,4.89907291,1.34523155
2025-02-01,-1,-1,0.00000000,0.00000000,4.89907291,1.34523155
2025-02-02,-1,-1,0.00000000,0.00000000,4.89907291,1.34523155
2025-02-03,-1,-1,-0.02551770,0.00000000,4.89907291,1.31090433
2025-02-04,-1,-1,0.01005688,0.00000000,4.89907291,1.32408794
2025-02-05,-1,-1,0.00614879,0.00000000,4.89907291,1.33222948
2025-02-06,0,-1,0.01061733,0.00000000,4.89907291,1.34637420
2025-02-07,-1,0,0.00526170,0.00526170,4.92485036,1.35345841
2025-02-08,-1,-1,0.00000000,0.00000000,4.92485036,1.35345841
2025-02-09,-1,-1,0.00000000,0.00000000,4.92485036,1.35345841
2025-02-10,-1,-1,-0.00550072,0.00000000,4.92485036,1.34601341
2025-02-11,-1,-1,-0.00239888,0.00000000,4.92485036,1.34278449
2025-02-12,-1,-1,-0.00695650,0.00000000,4.92485036,1.33344341
2025-02-13,-1,-1,0.01470158,0.00000000,4.92485036,1.35304714
2025-02-14,-1,-1,0.01137492,0.00000000,4.92485036,1.36843795
2025-02-15,-1,-1,0.00000000,0.00000000,4.92485036,1.36843795
2025-02-16,-1,-1,0.00000000,0.00000000,4.92485036,1.36843795
2025-02-17,-1,-1,0.00000000,0.00000000,4.92485036,1.36843795
2025-02-18,-1,-1,0.00694879,0.00000000,4.92485036,1.37794694
2025-02-19,-1,-1,-0.00214817,0.00000000,4.92485036,1.37498687
2025-02-20,-1,-1,0.00029967,0.00000000,4.92485036,1.37539891
2025-02-21,-1,-1,-0.00065335,0.00000000,4.92485036,1.37450030
2025-02-22,-1,-1,0.00000000,0.00000000,4.92485036,1.37450030
2025-02-23,-1,-1,0.00000000,0.00000000,4.92485036,1.37450030
2025-02-24,-1,-1,-0.01950934,0.00000000,4.92485036,1.34768471
2025-02-25,-1,-1,-0.01635715,0.00000000,4.92485036,1.32564043
2025-02-26,-1,-1,-0.00715540,0.00000000,4.92485036,1.31615494
2025-02-27,-1,-1,0.00505570,0.00000000,4.92485036,1.32280903
2025-02-28,-1,-1,-0.03474091,0.00000000,4.92485036,1.27685344
2025-03-01,-1,-1,0.00000000,0.00000000,4.92485036,1.27685344
2025-03-02,-1,-1,0.00000000,0.00000000,4.92485036,1.27685344
2025-03-03,-1,-1,0.02277037,0.00000000,4.92485036,1.30592787
2025-03-04,-1,-1,-0.03391001,0.00000000,4.92485036,1.26164384
2025-03-05,-1,-1,0.00409637,0.00000000,4.92485036,1.26681199
2025-03-06,-1,-1,-0.00506252,0.00000000,4.92485036,1.26039873
2025-03-07,-1,-1,-0.01321981,0.00000000,4.92485036,1.24373650
2025-03-08,-1,-1,0.00000000,0.00000000,4.92485036,1.24373650
2025-03-09,-1,-1,0.00000000,0.00000000,4.92485036,1.24373650
2025-03-10,-1,-1,-0.00761915,0.00000000,4.92485036,1.23426028
2025-03-11,-1,-1,-0.02294803,0.00000000,4.92485036,1.20593644
2025-03-12,-1,-1,0.01441720,0.00000000,4.92485036,1.22332268
2025-03-13,-1,-1,-0.00607782,0.00000000,4.92485036,1.21588754
2025-03-14,-1,-1,-0.00530687,0.00000000,4.92485036,1.20943499
2025-03-15,-1,-1,0.00000000,0.00000000,4.92485036,1.20943499
2025-03-16,-1,-1,0.00000000,0.00000000,4.92485036,1.20943499
2025-03-17,-1,-1,0.01241579,0.00000000,4.92485036,1.22445107
2025-03-18,-1,-1,-0.00041918,0.00000000,4.92485036,1.22393781
2025-03-19,-1,-1,-0.00541513,0.00000000,4.92485036,1.21731004
2025-03-20,-1,-1,0.00015491,0.00000000,4.92485036,1.21749860
2025-03-21,-1,-1,-0.00587994,0.00000000,4.92485036,1.21033979
2025-03-22,-1,-1,0.00000000,0.00000000,4.92485036,1.21033979
2025-03-23,0,-1,0.00000000,0.00000000,4.92485036,1.21033979
2025-03-24,0,0,0.03034376,0.03034376,5.07428883,1.24706605
2025-03-25,-1,0,0.00749657,0.00749657,5.11232861,1.25641477
2025-03-26,-1,-1,0.00185063,0.00000000,5.11232861,1.25873993
2025-03-27,-1,-1,-0.02010216,0.00000000,5.11232861,1.23343654
2025-03-28,0,-1,-0.00538740,0.00000000,5.11232861,1.22679153
2025-03-29,0,0,0.00000000,0.00000000,5.11232861,1.22679153
2025-03-30,0,0,0.00000000,0.00000000,5.11232861,1.22679153
2025-03-31,0,0,-0.03728569,-0.03728569,4.92171193,1.18104976
2025-04-01,0,0,0.01164409,0.01164409,4.97902079,1.19480201
2025-04-02,-1,0,-0.00250859,-0.00250859,4.96653045,1.19180474
2025-04-03,-1,-1,-0.02078421,0.00000000,4.96653045,1.16703402
2025-04-04,-1,-1,-0.04007917,0.00000000,4.96653045,1.12026027
2025-04-05,-1,-1,0.00000000,0.00000000,4.96653045,1.12026027
2025-04-06,-1,-1,0.00000000,0.00000000,4.96653045,1.12026027
2025-04-07,-1,-1,-0.06730138,0.00000000,4.96653045,1.04486520
2025-04-08,-1,-1,0.07219369,0.00000000,4.96653045,1.12029787
2025-04-09,-1,-1,-0.05154829,0.00000000,4.96653045,1.06254843
2025-04-10,0,-1,0.09140414,0.00000000,4.96653045,1.15966976
2025-04-11,0,0,-0.01964720,-0.01964720,4.86895202,1.13688550
2025-04-12,0,0,0.00000000,0.00000000,4.86895202,1.13688550
2025-04-13,0,0,0.00000000,0.00000000,4.86895202,1.13688550
2025-04-14,0,0,0.04456803,0.04456803,5.08595160,1.18755424
2025-04-15,0,0,-0.01274348,-0.01274348,5.02113888,1.17242067
2025-04-16,0,0,-0.02074274,-0.02074274,4.91698669,1.14810145
2025-04-17,0,0,-0.00414267,-0.00414267,4.89661723,1.14334524
2025-04-18,-1,0,0.00000000,0.00000000,4.89661723,1.14334524
2025-04-19,-1,-1,0.00000000,0.00000000,4.89661723,1.14334524
2025-04-20,-1,-1,0.00000000,0.00000000,4.89661723,1.14334524
2025-04-21,-1,-1,-0.02000372,0.00000000,4.89661723,1.12047408
2025-04-22,0,-1,0.00135985,0.00000000,4.89661723,1.12199775
2025-04-23,-1,0,0.04407919,0.04407919,5.11245617,1.17145451
2025-04-24,-1,-1,-0.00366880,0.00000000,5.11245617,1.16715668
2025-04-25,-1,-1,0.02296244,0.00000000,5.11245617,1.19395745
2025-04-26,1,-1,0.00000000,0.00000000,5.11245617,1.19395745
2025-04-27,1,1,0.00000000,0.00000000,5.11245617,1.19395745
2025-04-28,1,1,0.01297654,0.03892963,5.31148218,1.20945089
2025-04-29,1,1,-0.00603119,-0.01809356,5.21537859,1.20215647
2025-04-30,1,1,-0.00646603,-0.01939810,5.11421018,1.19438329
2025-05-01,1,1,0.03483842,0.10451526,5.64872318,1.23599371
2025-05-02,1,1,0.00648789,0.01946368,5.75866814,1.24401271
2025-05-03,1,1,0.00000000,0.00000000,5.75866814,1.24401271
2025-05-04,1,1,0.00000000,0.00000000,5.75866814,1.24401271
2025-05-05,1,1,-0.00400087,-0.01200260,5.68954913,1.23903558
2025-05-06,1,1,-0.01040100,-0.03120300,5.51201814,1.22614837
2025-05-07,1,1,0.00526382,0.01579146,5.59906095,1.23260260
2025-05-08,1,1,0.01338235,0.04014704,5.82384666,1.24909771
2025-05-09,1,1,0.00343739,0.01031217,5.88390313,1.25339134
2025-05-10,1,1,0.00000000,0.00000000,5.88390313,1.25339134
2025-05-11,1,1,0.00000000,0.00000000,5.88390313,1.25339134
2025-05-12,0,1,0.03422047,0.10266142,6.48795300,1.29628299
2025-05-13,0,0,0.00429516,0.00429516,6.51581977,1.30185073
2025-05-14,0,0,0.01494033,0.01494033,6.61316824,1.32130080
2025-05-15,0,0,-0.00048127,-0.00048127,6.60998550,1.32066490
2025-05-16,0,0,0.00800576,0.00800576,6.66290343,1.33123782
2025-05-17,0,0,0.00000000,0.00000000,6.66290343,1.33123782
2025-05-18,0,0,0.00000000,0.00000000,6.66290343,1.33123782
2025-05-19,1,0,-0.01232834,-0.01232834,6.58076089,1.31482586
2025-05-20,0,1,0.01016263,0.03048789,6.78139439,1.32818795
2025-05-21,0,0,-0.00615340,-0.00615340,6.73966575,1.32001508
2025-05-22,-1,0,-0.00505125,-0.00505125,6.70562204,1.31334736
2025-05-23,-1,-1,-0.01456378,0.00000000,6.70562204,1.29422005
2025-05-24,-1,-1,0.00000000,0.00000000,6.70562204,1.29422005
2025-05-25,-1,-1,0.00000000,0.00000000,6.70562204,1.29422005
2025-05-26,-1,-1,0.00000000,0.00000000,6.70562204,1.29422005
2025-05-27,-1,-1,0.01969124,0.00000000,6.70562204,1.31970484
2025-05-28,-1,-1,0.01169189,0.00000000,6.70562204,1.33513468
2025-05-29,-1,-1,0.00795196,0.00000000,6.70562204,1.34575162
2025-05-30,-1,-1,-0.01309419,0.00000000,6.70562204,1.32813009
2025-05-31,-1,-1,0.00000000,0.00000000,6.70562204,1.32813009
2025-06-01,-1,-1,0.00000000,0.00000000,6.70562204,1.32813009
2025-06-02,-1,-1,-0.00423663,0.00000000,6.70562204,1.32250329
2025-06-03,1,-1,0.01221736,0.00000000,6.70562204,1.33866079
2025-06-04,1,1,0.00850590,0.02551770,6.87673406,1.35004730
2025-06-05,1,1,0.00409245,0.01227735,6.96116212,1.35557230
2025-06-06,1,1,-0.00033624,-0.00100871,6.95414034,1.35511651
2025-06-07,1,1,0.00000000,0.00000000,6.95414034,1.35511651
2025-06-08,1,1,0.00000000,0.00000000,6.95414034,1.35511651
2025-06-09,1,1,0.00026752,0.00080255,6.95972137,1.35547902
2025-06-10,1,1,0.00193913,0.00581739,7.00020875,1.35810747
2025-06-11,1,1,0.00838891,0.02516674,7.17638115,1.36950052
2025-06-12,1,1,-0.00847082,-0.02541246,6.99401164,1.35789972
2025-06-13,-1,1,-0.00641191,-0.01923572,6.85947679,1.34919300
2025-06-14,-1,-1,0.00000000,0.00000000,6.85947679,1.34919300
2025-06-15,-1,-1,0.00000000,0.00000000,6.85947679,1.34919300
2025-06-16,-1,-1,0.00533791,0.00000000,6.85947679,1.35639487
2025-06-17,-1,-1,0.00227727,0.00000000,6.85947679,1.35948374
2025-06-18,-1,-1,-0.00302836,0.00000000,6.85947679,1.35536674
2025-06-19,-1,-1,0.00000000,0.00000000,6.85947679,1.35536674
2025-06-20,-1,-1,0.00408437,0.00000000,6.85947679,1.36090255
2025-06-21,-1,-1,0.00000000,0.00000000,6.85947679,1.36090255
2025-06-22,-1,-1,0.00000000,0.00000000,6.85947679,1.36090255
2025-06-23,-1,-1,-0.00913663,0.00000000,6.85947679,1.34846849
2025-06-24,1,-1,0.01915195,0.00000000,6.85947679,1.37429429
2025-06-25,1,1,0.00961382,0.02884145,7.05731402,1.38750651
2025-06-26,1,1,0.00239063,0.00717190,7.10792836,1.39082352
2025-06-27,1,1,0.00720007,0.02160020,7.26146103,1.40083755
2025-06-28,1,1,0.00000000,0.00000000,7.26146103,1.40083755
2025-06-29,1,1,0.00000000,0.00000000,7.26146103,1.40083755
2025-06-30,1,1,0.00729832,0.02189496,7.42045040,1.41106130
2025-07-01,1,1,-0.00276705,-0.00830116,7.35885203,1.40715682
2025-07-02,1,1,-0.00650423,-0.01951269,7.21526101,1.39800435
2025-07-03,1,1,0.01286486,0.03859457,7.49373092,1.41598947
2025-07-04,1,1,0.00000000,0.00000000,7.49373092,1.41598947
2025-07-05,1,1,0.00000000,0.00000000,7.49373092,1.41598947
2025-07-06,1,1,0.00000000,0.00000000,7.49373092,1.41598947
2025-07-07,1,1,0.00060588,0.00181764,7.50735181,1.41684739
2025-07-08,1,1,-0.00025228,-0.00075683,7.50167005,1.41648996
2025-07-09,1,1,0.00199595,0.00598786,7.54658903,1.41931721
2025-07-10,1,1,0.00434475,0.01303425,7.64495312,1.42548378
2025-07-11,1,1,-0.00644910,-0.01934730,7.49704391,1.41629070
2025-07-12,1,1,0.00000000,0.00000000,7.49704391,1.41629070
2025-07-13,-1,1,0.00000000,0.00000000,7.49704391,1.41629070
2025-07-14,-1,-1,0.00125125,0.00000000,7.49704391,1.41806282
2025-07-15,-1,-1,0.01130091,0.00000000,7.49704391,1.43408822
2025-07-16,-1,-1,-0.00531790,0.00000000,7.49704391,1.42646188
2025-07-17,0,-1,0.00133726,0.00000000,7.49704391,1.42836944
2025-07-18,-1,0,0.00913833,0.00913833,7.56555439,1.44142235
2025-07-19,-1,-1,0.00000000,0.00000000,7.56555439,1.44142235
2025-07-20,-1,-1,0.00000000,0.00000000,7.56555439,1.44142235
2025-07-21,-1,-1,-0.00182313,0.00000000,7.56555439,1.43879446
2025-07-22,-1,-1,0.00392573,0.00000000,7.56555439,1.44444278
2025-07-23,-1,-1,-0.00346808,0.00000000,7.56555439,1.43943333
2025-07-24,0,-1,0.00496387,0.00000000,7.56555439,1.44657850
2025-07-25,0,0,-0.00036881,-0.00036881,7.56276416,1.44604499
2025-07-26,0,0,0.00000000,0.00000000,7.56276416,1.44604499
2025-07-27,0,0,0.00000000,0.00000000,7.56276416,1.44604499
2025-07-28,0,0,0.00497772,0.00497772,7.60040949,1.45324300
2025-07-29,0,0,0.00531752,0.00531752,7.64082484,1.46097065
2025-07-30,0,0,-0.00451874,-0.00451874,7.60629796,1.45436891
2025-07-31,1,0,0.01120529,0.01120529,7.69152871,1.47066553
2025-08-01,0,1,-0.02734854,-0.08204563,7.06047237,1.43044497
2025-08-02,-1,0,0.00000000,0.00000000,7.06047237,1.43044497
2025-08-03,0,-1,0.00000000,0.00000000,7.06047237,1.43044497
2025-08-04,-1,0,0.00039689,0.00039689,7.06327461,1.43101270
2025-08-05,-1,-1,0.01133269,0.00000000,7.06327461,1.44722993
2025-08-06,-1,-1,-0.00757319,0.00000000,7.06327461,1.43626979
2025-08-07,-1,-1,0.01882384,0.00000000,7.06327461,1.46330590
2025-08-08,-1,-1,-0.00214078,0.00000000,7.06327461,1.46017328
2025-08-09,-1,-1,0.00000000,0.00000000,7.06327461,1.46017328
2025-08-10,-1,-1,0.00000000,0.00000000,7.06327461,1.46017328
2025-08-11,1,-1,0.00744684,0.00000000,7.06327461,1.47104697
2025-08-12,1,1,0.00081489,0.00244466,7.08054194,1.47224570
2025-08-13,1,1,0.01321430,0.03964290,7.36123515,1.49170040
2025-08-14,1,1,-0.00768845,-0.02306534,7.19144578,1.48023154
2025-08-15,1,1,0.00262336,0.00787009,7.24804308,1.48411473
2025-08-16,1,1,0.00000000,0.00000000,7.24804308,1.48411473
2025-08-17,1,1,0.00000000,0.00000000,7.24804308,1.48411473
2025-08-18,1,1,-0.00579556,-0.01738669,7.12202363,1.47551345
2025-08-19,1,1,-0.00008514,-0.00025542,7.12020453,1.47538782
2025-08-20,1,1,-0.01399042,-0.04197127,6.82136050,1.45474652
2025-08-21,1,1,-0.00699072,-0.02097215,6.67830190,1.44457680
2025-08-22,1,1,0.00056707,0.00170122,6.68966315,1.44539598
2025-08-23,1,1,0.00000000,0.00000000,6.68966315,1.44539598
2025-08-24,1,1,0.00000000,0.00000000,6.68966315,1.44539598
2025-08-25,0,1,0.01014414,0.03043243,6.89324586,1.46005829
2025-08-26,1,0,-0.00099467,-0.00099467,6.88638935,1.45860601
2025-08-27,1,1,0.00309042,0.00927125,6.95023479,1.46311371
2025-08-28,1,1,0.00439853,0.01319559,7.04194721,1.46954926
2025-08-29,0,1,0.00096195,0.00288584,7.06226917,1.47096289
2025-08-30,0,0,0.00000000,0.00000000,7.06226917,1.47096289
2025-08-31,0,0,0.00000000,0.00000000,7.06226917,1.47096289
2025-09-01,0,0,0.00000000,0.00000000,7.06226917,1.47096289
2025-09-02,0,0,-0.02322340,-0.02322340,6.89825926,1.43680213
2025-09-03,1,0,0.01410115,0.01410115,6.99553263,1.45706269
2025-09-04,1,1,0.00264568,0.00793704,7.05105647,1.46091761
2025-09-05,1,1,0.01708479,0.05125438,7.41245401,1.48587708
2025-09-06,1,1,0.00000000,0.00000000,7.41245401,1.48587708
2025-09-07,1,1,0.00000000,0.00000000,7.41245401,1.48587708
2025-09-08,1,1,-0.00364646,-0.01093937,7.33136646,1.48045890
2025-09-09,1,1,0.00225098,0.00675293,7.38087468,1.48379138
2025-09-10,1,1,0.00702162,0.02106485,7.53635170,1.49420999
2025-09-11,1,1,-0.00086699,-0.00260098,7.51674981,1.49291452
2025-09-12,1,1,0.00309135,0.00927405,7.58646052,1.49752965
2025-09-13,1,1,0.00000000,0.00000000,7.58646052,1.49752965
2025-09-14,1,1,0.00000000,0.00000000,7.58646052,1.49752965
2025-09-15,1,1,0.00580445,0.01741336,7.71856627,1.50622198
2025-09-16,-1,1,0.00710259,0.02130778,7.88303181,1.51692007
2025-09-17,1,-1,-0.00255035,0.00000000,7.88303181,1.51305140
2025-09-18,1,1,0.00643906,0.01931719,8.03530980,1.52279403
2025-09-19,1,1,0.00407568,0.01222703,8.13355777,1.52900044
2025-09-20,1,1,0.00000000,0.00000000,8.13355777,1.52900044
2025-09-21,-1,1,0.00000000,0.00000000,8.13355777,1.52900044
2025-09-22,-1,-1,0.00183975,0.00000000,8.13355777,1.53181343
2025-09-23,-1,-1,0.00774584,0.00000000,8.13355777,1.54367861
2025-09-24,-1,-1,-0.00463170,0.00000000,8.13355777,1.53652875
2025-09-25,-1,-1,-0.01230862,0.00000000,8.13355777,1.51761621
2025-09-26,-1,-1,0.00363053,0.00000000,8.13355777,1.52312596
2025-09-27,-1,-1,0.00000000,0.00000000,8.13355777,1.52312596
2025-09-28,-1,-1,0.00000000,0.00000000,8.13355777,1.52312596
2025-09-29,-1,-1,0.00800875,0.00000000,8.13355777,1.53532429
2025-09-30,-1,-1,-0.00113502,0.00000000,8.13355777,1.53358167
2025-10-01,-1,-1,-0.00210551,0.00000000,8.13355777,1.53035270
2025-10-02,-1,-1,0.01656145,0.00000000,8.13355777,1.55569756
2025-10-03,-1,-1,-0.00090601,0.00000000,8.13355777,1.55428809
2025-10-04,-1,-1,0.00000000,0.00000000,8.13355777,1.55428809
2025-10-05,-1,-1,0.00000000,0.00000000,8.13355777,1.55428809
2025-10-06,-1,-1,0.00319863,0.00000000,8.13355777,1.55925968
2025-10-07,-1,-1,0.00093681,0.00000000,8.13355777,1.56072040
2025-10-08,-1,-1,-0.00592756,0.00000000,8.13355777,1.55146914
2025-10-09,-1,-1,0.01002626,0.00000000,8.13355777,1.56702458
2025-10-10,1,-1,-0.00013083,0.00000000,8.13355777,1.56681957
2025-10-11,1,1,0.00000000,0.00000000,8.13355777,1.56681957
2025-10-12,1,1,0.00000000,0.00000000,8.13355777,1.56681957
2025-10-13,1,1,-0.01916912,-0.05750736,7.66581833,1.53678502
2025-10-14,0,1,-0.00728722,-0.02186166,7.49823082,1.52558613
2025-10-15,0,0,0.01461423,0.01461423,7.60781173,1.54788140
2025-10-16,0,0,0.00182116,0.00182116,7.62166678,1.55070034
2025-10-17,1,0,-0.01183256,-0.01183256,7.53148296,1.53235159
2025-10-18,1,1,0.00000000,0.00000000,7.53148296,1.53235159
2025-10-19,1,1,0.00000000,0.00000000,7.53148296,1.53235159
2025-10-20,1,1,0.01536918,0.04610753,7.87874107,1.55590257
2025-10-21,1,1,0.00741180,0.02223540,8.05392802,1.56743461
2025-10-22,1,1,-0.00134066,-0.00402197,8.02153533,1.56533322
2025-10-23,1,1,-0.00967552,-0.02902655,7.78869780,1.55018781
2025-10-24,1,1,0.01831677,0.05495032,8.21668926,1.57858225
2025-10-25,1,1,0.00000000,0.00000000,8.21668926,1.57858225
2025-10-26,1,1,0.00000000,0.00000000,8.21668926,1.57858225
2025-10-27,1,1,0.01384763,0.04154288,8.55803421,1.60044187
2025-10-28,1,1,0.00935118,0.02805355,8.79811741,1.61540789
2025-10-29,1,1,0.00829685,0.02489054,9.01710729,1.62881068
2025-10-30,1,1,-0.00538083,-0.01614248,8.87154880,1.62004633
2025-10-31,1,1,0.00316371,0.00949112,8.95574972,1.62517168
2025-11-01,1,1,0.00000000,0.00000000,8.95574972,1.62517168
2025-11-02,1,1,0.00000000,0.00000000,8.95574972,1.62517168
